,index,id,attach_dist,is_attached,is_contained,is_matched,match_ids,match_overlaps,pred_num_pix,pred_sum_pix,true_num_pix,true_sum_pix,ke,true_ke
0,0,3,1.8000132243413427,True,1,1,[15],[0.85714287],194,44.510967,209,38.074520111083984,53.62767139113093,47.7240320081949
1,3,7,0.42421444001344266,True,0,1,[15 14],[0.675     0.0212766],72,21.599533,62,22.140228271484375,26.023533832596012,36.31029889143893
2,4,2,0.6708476902510648,True,0,1,[32  1],[8.7234044e-01 8.3682011e-04],134,35.59679,130,28.380970001220703,42.88769917315748,33.07641422208306
3,4,10,0.3000030517578125,True,1,1,[36  0],[8.5714287e-01 1.7114496e-04],113,26.235046,108,28.523155212402344,31.608489622552714,34.24502474992884
4,7,3,0.29998779296875,True,1,1,[16  4],[7.1739131e-01 2.4324981e-04],113,29.531572,124,37.12599182128906,35.5802076408662,46.18348711015913
5,7,4,0.4243007545635366,True,1,1,[22  0],[0.9325153  0.00183824],159,31.07823,156,38.06554412841797,37.4436504869576,44.95873590213849
6,8,4,0.29998779296875,True,1,1,[15],[0.8795181],74,18.933502,82,23.215585708618164,22.811448430440514,31.089982763284794
7,10,4,1.6431648866804862,True,0,1,[17],[0.6857143],84,20.121515,93,16.837121963500977,24.242789486804643,42.06196661523572
8,12,0,0.4242575950931961,True,1,1,[26  1],[0.8453608  0.00510204],87,21.802622,92,28.584693908691406,26.268219086061045,37.01627503901358
9,13,9,0.8485259795738118,True,1,1,[17  3],[0.02857143 0.02197802],15,3.3267307,-1,-1.0,4.008109311023391,-1.0
10,14,2,0.3000030517578125,True,1,1,[12],[0.8341014],193,36.846104,205,39.670494079589844,44.39289598579867,46.411969668384515
11,18,1,2.184040512229313,True,1,1,[13 12],[0.59183675 0.11976048],124,30.368397,110,23.016740798950195,36.588429830160486,31.712316999864036
12,18,5,0.4242575950931961,True,0,1,[22  3],[0.76623374 0.00088574],69,16.686224,67,19.060617446899414,20.103884317788737,21.010293636872586
13,20,8,112.38315835129116,False,0,1,[15],[0.8649789],223,53.68351,219,66.26873779296875,64.67892750200019,74.99894324822795
14,25,4,1.1224800882395087,True,1,1,[13],[0.7244898],79,28.734238,90,33.99079132080078,34.61956345891378,46.443493644160085
15,25,9,0.4243007545635366,True,1,1,[24 22],[0.7096774  0.00286533],155,35.72939,163,37.47243881225586,43.04745685623353,44.28109671844481
16,27,7,1.2728087510196755,True,0,1,[39 38],[0.82857144 0.06875   ],136,28.748158,120,24.695350646972656,34.63633433882013,32.142956524911384
17,31,6,0.4243007545635366,True,1,1,[47  1],[8.125000e-01 6.447453e-04],73,24.569239,72,29.95721435546875,29.601492364722564,39.00575629980101
18,31,7,0.4243007545635366,True,0,1,[46  2],[7.9569894e-01 5.0213409e-04],85,18.672768,82,15.04076099395752,22.497310408626696,18.182640045996198
19,33,5,0.29998779296875,True,1,1,[10  9],[0.79130435 0.00210748],107,25.62835,99,21.69426727294922,30.877529282167735,25.54861148274268
20,33,7,0.29998779296875,True,1,1,[31],[0.7755102],85,32.84417,89,32.94308090209961,39.57128869481834,35.479246559832
21,33,9,0.29998779296875,True,1,1,[33  2],[0.7708333  0.00082873],42,12.642363,43,12.35236644744873,15.231762162174089,25.032533409987025
22,34,7,0.4242575950931961,True,0,1,[24],[0.8],56,19.342264,61,24.01204490661621,23.303932741463903,30.99969552709623
23,35,6,0.424289965930668,True,1,1,[30  0],[8.6206895e-01 3.8255547e-04],107,32.800568,109,31.78506851196289,39.51875617705196,37.23150436773593
24,37,3,0.3000030517578125,True,0,1,[10  8],[8.4848487e-01 3.7202382e-04],180,37.123943,186,42.426971435546875,44.72764256488846,50.09176470158217
25,38,7,0.4242468053627785,True,0,1,[8],[0.8518519],102,23.472664,98,20.590343475341797,28.280317926981365,22.068783860379376
26,43,16,0.29998779296875,True,1,1,[39  3],[0.88554215 0.00205761],159,35.96871,154,41.01626968383789,43.33579741328596,44.96913890769664
27,44,7,0.5196205285183251,True,1,1,[29 56 28],[0.75842696 0.0754717  0.01219512],156,34.928055,157,35.9105224609375,42.08199374647026,39.1680974467889
28,46,0,0.3000030517578125,True,1,1,[40  0],[0.768      0.00241838],112,23.821575,109,23.20751190185547,28.70069296963244,35.517939211803665
29,48,5,1.08164676185443,True,1,1,[33  1],[8.4090906e-01 4.3572986e-04],118,26.821268,125,31.68135643005371,32.31478082128318,40.15747441724257
30,48,8,0.4242575950931961,True,1,1,[35],[0.8679245],49,8.270485,50,10.5424165725708,9.964439667851092,11.723858631524658
31,50,6,0.29998779296875,True,1,1,[29  2],[9.220779e-01 2.230898e-04],75,13.794368,73,15.803497314453125,16.619720229183336,20.22785996996573
32,51,7,0.2999267578125,True,0,1,[30  4],[0.8243243  0.00334262],137,31.12844,133,35.54789733886719,37.504145610763366,52.28392058474391
33,52,6,0.5196117185536361,True,1,1,[17  3],[0.8442623  0.00220913],224,40.13482,226,41.51423645019531,48.35520365152015,46.42195480741245
34,56,4,0.6708272171878565,True,1,1,[20],[0.88461536],72,16.527548,75,18.009302139282227,19.912708236510497,21.50996221798562
35,57,7,0.4242575950931961,True,1,1,[17  9],[0.6956522  0.00315457],71,19.812868,85,17.287504196166992,23.870925443718235,23.39605463510074
36,59,4,82.22848435997162,False,0,1,[7],[0.04195804],6,1.4743583,-1,-1.0,1.7763353255857905,-1.0
37,60,9,0.9949975598122411,True,0,1,[16 15],[0.8        0.01086957],83,25.441027,97,29.158618927001953,30.651839382677196,41.130467277623545
38,62,4,0.300018310546875,True,1,1,[17],[0.83870965],84,20.283632,87,27.002681732177734,24.438111178846246,39.849410764489924
39,63,4,0.4242036491853643,True,1,1,[26  2],[7.1153843e-01 6.7042100e-04],88,17.861492,90,18.01825523376465,21.51987006865352,25.756578299382287
40,70,10,0.4243007545635366,True,1,1,[33  0],[0.76978415 0.00152517],129,31.819733,117,26.87793731689453,38.33702730845256,34.651053807390774
41,70,11,0.29998779296875,True,1,1,[30 28],[0.8        0.00697674],137,32.50448,133,36.472442626953125,39.1620222344456,46.28440499561259
42,72,0,0.29998779296875,True,1,1,[0],[0.03746398],68,17.209936,-1,-1.0,20.734862821647923,-1.0
43,72,11,0.8485151901863922,True,1,1,[39  2],[7.4509805e-01 3.4234850e-04],88,18.958714,90,23.127710342407227,22.841823531920653,28.69967856201704
44,74,4,0.3000030517578125,True,1,1,[28  2],[7.8488374e-01 4.8130917e-04],159,33.42158,148,32.700927734375,40.26696538350669,41.48843856570401
45,75,4,1.3076829855441552,True,1,1,[28  4],[0.73333335 0.0019425 ],141,31.23845,145,33.002960205078125,37.63668565865023,49.593084655469724
46,76,12,0.9949906577175445,True,1,1,[20  3],[0.7692308  0.00316456],22,6.001451,24,5.932523727416992,7.230663874063148,16.67103661404554
47,77,4,0.29998779296875,True,1,1,[10],[0.67741936],23,6.3114605,29,7.186179161071777,7.604169271078455,7.636578244823209
48,79,6,0.3000030517578125,True,1,1,[20],[0.9133858],121,30.436964,122,30.734180450439453,36.67104100606528,38.429337487034154
49,80,11,0.600006103515625,True,1,1,[23],[0.8450704],62,17.054115,69,23.06262969970703,20.547126861939947,46.66434546059868
50,84,6,1.0816806184649572,True,0,1,[25],[0.5],51,14.08506,-1,-1.0,16.96995195136013,-1.0
51,84,7,2.8301891638479315,True,0,1,[18],[0.01973684],3,0.5326534,-1,-1.0,0.6417510739292007,-1.0
52,85,1,0.29998779296875,True,1,1,[16  0],[7.925926e-01 2.477087e-04],119,30.158215,123,35.1649169921875,36.33519827601422,38.74961970881493
53,86,5,5.832702416709914,False,0,1,[27],[0.6203704],75,24.701902,100,36.98521423339844,29.76132818015225,46.94110095828454
54,86,6,3.2863297733609724,False,1,1,[28],[0.75409836],48,15.532355,59,29.506006240844727,18.71368109461773,47.94850232086234
55,86,7,0.8485151901863922,True,1,1,[10],[0.9122807],106,24.461916,112,24.502185821533203,29.472187915480283,37.93724039797604
56,89,1,0.29998779296875,True,1,1,[11],[0.86619717],132,30.558514,133,39.27582550048828,36.81748631488846,42.58400352934293
57,94,1,3.3675422167691615,False,1,1,[29  2],[0.6150235  0.00444444],139,23.564732,205,43.03026580810547,28.39124288903662,48.403268960419084
58,95,0,0.5196029088876658,True,0,1,[8],[0.8],124,21.127438,119,26.264272689819336,25.454744086208116,35.583485036606774
59,99,9,0.6708272171878565,True,1,1,[36],[0.79710144],61,14.460671,63,18.28917694091797,17.422495692609306,30.927919154514726
60,99,10,2.2847331340539374,True,1,1,[25  5],[0.70183486 0.00883652],181,28.878391,190,29.872051239013672,34.79324248899897,46.1176045266978
61,100,0,0.848536769098432,True,1,1,[36],[0.7923077],121,28.882406,112,31.077247619628906,34.79807980089303,37.72407233624227
62,100,1,1.558846901439651,True,1,1,[54 62  3],[0.75376886 0.08241758 0.00190658],180,36.762535,169,35.601593017578125,44.29221095809018,47.09401204268015
63,100,17,0.3000030517578125,True,1,1,[63  0],[0.84210527 0.00526316],161,38.5858,154,39.813140869140625,46.48891586855234,44.41787940213696
64,100,18,0.7348170250056694,True,1,1,[23],[0.15447155],19,3.4529645,-1,-1.0,4.160198246140078,-1.0
65,103,0,2.1840488965727474,True,1,1,[30 26],[0.5116279  0.05555556],37,11.507657,28,5.762712001800537,13.86464704950172,7.5397772818617375
66,103,11,1.1225208689501278,True,0,1,[32  3],[0.7380952  0.00237906],36,9.3949175,37,6.968027591705322,11.31917769650379,19.244299246389634
67,106,6,0.3000030517578125,True,1,1,[15 14],[0.7753623 0.0078125],119,25.784868,126,37.806427001953125,31.066106313682468,45.54034374405664
68,106,11,0.3000030517578125,True,1,1,[11],[0.86440676],56,18.31496,54,20.05767822265625,22.06621744546546,51.01547114024656
69,109,2,2.4920106717833916,True,1,1,[24  3],[0.64204544 0.00079491],133,24.256115,156,23.399124145507812,29.22423489122506,31.650775238865826
70,109,3,262.5863858345192,False,1,1,[7],[0.00574346],9,6.8439946,-1,-1.0,8.24577664754477,-1.0
71,113,10,0.899993896484375,True,1,1,[45],[0.8803419],109,27.284792,111,31.551700592041016,32.87324330892908,42.3554055900607
72,115,4,0.5196117185536361,True,1,1,[12],[0.8487395],106,18.48559,114,22.75322151184082,22.27179515792663,30.397050911948078
73,115,5,0.29998779296875,True,0,1,[10],[0.7173913],36,13.111912,43,14.285066604614258,15.797484064676677,20.28797703692244
74,117,3,2.5807025467501825,True,0,1,[18],[0.5362319],40,18.387405,66,25.827924728393555,22.15350047651544,44.01517456647509
75,120,6,0.300048828125,True,0,1,[16  0],[0.7196262  0.00233918],95,24.145819,89,18.296737670898438,29.09134784376765,26.609588163296856
76,121,6,0.300048828125,True,1,1,[33],[0.66071427],94,23.810656,92,31.351587295532227,28.687536860086833,41.414915885235054
77,122,10,40.80885138158299,False,0,1,[24],[0.8125],260,68.00107,262,101.24211120605469,81.92899772919804,128.12416130830977
78,122,11,0.9949607554195525,True,1,1,[15  8],[0.7164179  0.00119546],112,24.143581,118,27.5718936920166,29.088652277567302,41.884597865194856
79,123,2,0.4243007545635366,True,1,1,[3 6],[0.6942359  0.00776731],5847,1372.8511,6116,1777.62353515625,1654.0374388177713,2214.9353765279807
80,124,5,1.0816890820215157,True,0,1,[14],[0.52380955],37,16.239891,59,22.594589233398438,19.566133797886863,34.083700910491594
81,124,11,0.29998779296875,True,1,1,[15 12],[0.8181818  0.00738007],149,40.00609,151,35.12901306152344,48.20010633353728,38.350579001309775
82,124,12,0.29998779296875,True,0,1,[60],[0.8484849],93,20.695894,90,23.73025131225586,24.93481233895543,24.682457928283434
83,125,8,0.2999267578125,True,1,1,[ 7 15  6  5],[0.30973452 0.27731094 0.20454545 0.00383142],109,25.399923,-1,-1.0,30.6023172585361,-1.0
84,126,12,0.3000030517578125,True,1,1,[26 24],[0.9052632  0.01851852],95,23.186646,86,25.181997299194336,27.935717479292173,28.224026455374833
85,126,13,0.29998779296875,True,1,1,[22  5],[0.7627119 0.0030722],56,14.729958,48,17.141630172729492,17.746936844055913,19.92421486715089
86,128,9,0.29998779296875,True,0,1,[8],[0.60169494],77,14.503406,112,32.915771484375,17.473982615643237,44.32370663089881
87,129,4,0.29998779296875,True,0,1,[9 7],[0.75      0.0015213],80,16.67525,88,26.133045196533203,20.090661565941502,36.65696595435503
88,133,2,1.774803301580943,True,0,1,[37],[0.71428573],43,15.01065,41,19.655961990356445,18.085120097700372,25.45480313080233
89,135,0,0.3000030517578125,True,1,1,[16  3],[0.7254902  0.00086919],78,19.277739,98,28.921627044677734,23.22619104959879,36.769796154326535
90,135,6,0.5195764834746849,True,1,1,[12],[0.8125],143,32.3914,147,41.1718635559082,39.02578238981316,48.29932310182504
91,135,9,11.132393577707974,False,1,1,[24],[0.11627907],5,2.3869245,-1,-1.0,2.8758126569081504,-1.0
92,139,7,0.4243115434708169,True,0,1,[33 32],[0.55       0.13513513],71,21.257566,53,24.85016632080078,25.611525845814903,54.60242952029191
93,140,6,0.600006103515625,True,1,1,[16  5],[0.5689655  0.00301205],76,15.289718,106,24.781707763671875,18.4213465954884,38.89270781134359
94,142,6,0.4242575950931961,True,0,1,[32 30],[0.8148148  0.05627706],230,51.43059,211,42.32866287231445,61.96456817259272,49.20627433999066
95,143,8,2.1633358437114008,True,1,1,[8],[0.70212764],38,11.820886,42,12.153596878051758,14.242030913571279,28.54772956957086
96,146,5,0.4243115434708169,True,1,1,[11 10],[7.364341e-01 7.069636e-04],110,24.448519,114,25.93484878540039,29.456046690423808,36.01273114582289
97,147,5,0.29998779296875,True,1,1,[28  2],[0.3472222  0.00195008],30,11.62128,-1,-1.0,14.001541827098434,-1.0
98,148,0,0.29998779296875,True,1,1,[22  2],[0.6885246 0.0008058],104,18.693832,102,20.496828079223633,22.52268963549511,23.208555360826555
99,151,11,0.2999267578125,True,0,1,[11 10],[0.8445946  0.00094103],134,24.690926,139,27.746902465820312,29.74810313029462,36.760721590125634
100,152,0,0.4242575950931961,True,1,1,[ 3 27 20 12 26 18],"[5.31786680e-01 4.17662337e-02 1.67978997e-03 1.25984254e-03
 3.15092941e-04 1.04253544e-04]",9521,1904.2393,10815,2233.798828125,2294.264166039157,2955.46968210049
101,156,12,0.2999267578125,True,1,1,[11 10],[0.80246913 0.1025641 ],76,16.491917,70,17.254114151000977,19.869779104209808,21.467505107471776
102,158,10,2.1213246594364428,True,0,1,[55 23],[0.33333334 0.2       ],37,11.4133415,-1,-1.0,13.751013882188913,-1.0
103,158,11,21.181360594190835,False,1,1,[27 19 54 20  5],[7.1337581e-01 1.8578064e-02 9.6685085e-03 5.0597978e-03 3.5273368e-04],2170,442.97333,2134,562.30029296875,533.7028043815889,724.5621703172649
104,158,13,356.4892910253897,False,0,1,[45  0],[0.10884354 0.00023436],21,4.3974657,-1,-1.0,5.298151452857328,-1.0
105,159,12,0.3000030517578125,True,0,1,[32],[0.7578125],108,26.24943,117,24.92600440979004,31.625818918986496,25.42710784791973
106,160,0,0.300018310546875,True,1,1,[39],[0.75886524],120,40.328197,128,42.235443115234375,48.5881897340338,49.206180787782394
107,161,3,1.2369442704051028,True,0,1,[16],[0.5121951],27,9.0042925,35,13.357614517211914,10.848545166383307,26.075649887270302
108,162,2,0.3000030517578125,True,1,1,[15],[0.81751823],128,30.117487,121,34.397216796875,36.286128859922115,42.2326834497337
109,162,3,242.36971420843736,False,1,0,[],[],6,1.3157114,-1,-1.0,1.5851944325918177,-1.0
110,164,5,1.5296780254874076,True,0,1,[7],[0.884058],63,11.029337,67,15.778780937194824,13.28835774617023,22.00118927150696
111,164,7,0.29998779296875,True,1,1,[19  0],[0.616      0.00472441],107,27.300413,95,25.615493774414062,32.892064014113096,32.288804417583606
112,165,8,0.29998779296875,True,1,1,[31  0],[0.8689655 0.0036452],137,33.011387,134,42.43437957763672,39.77275526667216,48.17997854975194
113,165,12,0.29998779296875,True,1,1,[24],[0.7771429],145,34.29683,166,37.02153015136719,41.321480992328695,41.68712162719269
114,166,2,0.29999542236328125,True,1,1,[13],[0.8152174],168,37.565395,166,45.18334197998047,45.25951247617423,51.68073960360175
115,166,3,0.300048828125,True,0,1,[16  0],[0.7647059  0.00505902],130,30.011467,140,37.77204895019531,36.1583939517837,51.88609605594608
116,168,15,14.885587278292812,False,0,0,[],[],4,0.5743778,-1,-1.0,0.6920214158942901,-1.0
117,172,3,113.08608949553681,False,1,1,[16],[0.725],233,41.82364,250,60.63215255737305,50.38992640483811,69.64505361961636
118,172,5,0.300018310546875,True,0,1,[11 10],[0.82575756 0.00160385],122,28.688063,119,33.939571380615234,34.56393092511649,42.01915712473744
119,173,4,0.2999267578125,True,1,1,[22],[0.6329114],51,12.469232,78,26.182884216308594,15.023170609072032,30.91017853742231
120,173,5,0.29998779296875,True,0,1,[11  9],[0.5531915 0.002849 ],41,9.870311,32,7.147265434265137,11.891940702874978,31.79705151696114
121,174,5,0.3000030517578125,True,1,1,[37],[0.80526316],173,35.32047,170,40.248844146728516,42.55478181034686,44.80613354003013
122,175,4,224.63454789443665,False,0,1,[6],[0.00312695],6,1.7633765,-1,-1.0,2.1245499691331244,-1.0
123,176,3,0.900004069254744,True,0,1,[19],[0.8333333],101,22.243422,97,23.63153076171875,26.799303077789677,32.86861917551017
124,176,4,0.3000030517578125,True,0,1,[24],[0.8503937],117,30.529825,118,41.118125915527344,36.78292194044734,49.64831051477682
125,178,8,0.29998779296875,True,1,1,[13],[0.72392637],133,27.175274,148,29.142345428466797,32.74129384971527,30.73499579064772
126,180,12,0.29998779296875,True,0,1,[29],[0.73493975],126,29.018885,162,42.600807189941406,34.96251163712467,49.78668471364312
127,184,0,0.6708203933887703,True,1,1,[29],[0.63829786],143,31.297264,165,32.526344299316406,37.707547107374815,39.10502142957529
128,185,11,0.670820393562312,True,0,1,[11],[0.7714286],59,14.68475,65,16.82851219177246,17.69246940153191,19.46306079379996
129,186,13,0.5196117190017219,True,1,1,[6],[0.8428571],62,21.070534,67,19.859256744384766,25.38618524390531,25.816812755872537
130,187,2,0.9486736475940446,True,0,1,[16],[0.46875],64,15.694782,-1,-1.0,18.909376213349493,-1.0
131,190,4,1.2727943641001616,True,1,1,[2],[0.5294118],18,5.483053,34,15.209321022033691,6.606088201683688,602.6750882149873
132,192,3,0.300048828125,True,1,1,[39],[0.8057143],157,31.781864,159,33.617942810058594,38.291402609951525,45.39258738633598
133,192,5,0.29998779296875,True,1,1,[28  3],[0.8288288  0.00114987],104,24.400015,99,21.527294158935547,29.397608285926914,24.940094473008557
134,193,1,1.2727619954577063,True,1,1,[30],[0.7777778],129,22.704632,127,28.341140747070312,27.354978078819187,35.858451080779794
135,196,6,0.4242090445651077,True,1,1,[17  5],[7.9020977e-01 2.9411764e-04],127,30.092022,129,29.088029861450195,36.25544812305864,38.97195374585882
136,197,6,0.3000030517578125,True,0,1,[13  3],[0.33888888 0.00592217],77,18.862318,-1,-1.0,22.72568438426558,-1.0
137,198,5,1.5588557118358282,True,1,1,[24 23],[0.6875     0.03030303],14,3.9410717,13,3.964212656021118,4.748279215341592,5.212477050963603
138,198,7,166.2103129688643,False,0,1,[11],[0.00179211],24,3.457696,-1,-1.0,4.165898748191006,-1.0
139,198,8,0.29998779296875,True,1,1,[42  0],[0.41509435 0.01039261],39,11.094031,-1,-1.0,13.366302811955832,-1.0
140,198,9,3.9572623020720306,False,1,1,[41  1],[0.61904764 0.00315126],154,28.294552,186,32.078330993652344,34.08982150525932,41.348612316836565
141,199,7,1.1224800882395087,True,1,1,[24],[0.8192771],71,20.616928,80,23.617300033569336,24.839672410344505,29.83818249345019
142,201,6,0.3000030517578125,True,1,1,[27],[0.85365856],80,23.231487,72,21.492111206054688,27.989743703819187,33.52717994553336
143,203,11,0.300018310546875,True,1,1,[37],[0.8372093],79,28.45041,79,32.503196716308594,34.277603425175315,37.77197418527666
144,204,3,0.300048828125,True,1,1,[18  0],[0.82653064 0.00148662],187,40.615173,171,40.179813385009766,48.93394378294428,44.873628339880405
145,206,1,0.4242575950931961,True,1,1,[8 0],[0.8540146  0.00613497],125,23.067585,129,26.76807403564453,27.792271074042265,37.12454300962907
146,207,4,4.8466513488253495,False,0,1,[17],[0.7],60,16.638342,59,30.026161193847656,20.04619506468256,40.487654462656906
147,208,3,0.29998779296875,True,0,1,[18],[0.85],34,9.65467,40,10.325774192810059,11.632132242961104,13.133316201120428
148,209,5,0.5196029088876658,True,1,1,[27 31 26],[0.64835167 0.09615385 0.0060241 ],153,30.617853,147,31.73832893371582,36.888979716473315,36.02492723537264
149,209,9,0.29998779296875,True,1,1,[14  9],[0.7083333  0.00121065],79,20.683723,85,19.67576789855957,24.920148734586785,34.560901251384436
150,210,1,0.29998779296875,True,0,1,[21  4],[0.78313255 0.00139179],76,24.423862,72,28.556194305419922,29.426340309970353,44.34994490690788
151,212,5,0.9486495213915175,True,0,1,[17],[0.7118644],98,19.96374,104,22.852718353271484,24.052698066435667,29.065428779621904
152,212,7,0.7348730873961772,True,0,0,[],[],3,1.8731302,-1,-1.0,2.2567833762571037,-1.0
153,215,0,0.3000030517578125,True,1,1,[12  4],[6.4748204e-01 3.0193236e-04],123,28.76742,106,29.427330017089844,34.659541945859615,35.8159752598243
154,215,2,1.1225127129472705,True,0,1,[13  2],[6.9784170e-01 3.7327362e-04],111,24.218987,125,32.20820999145508,29.179501820759604,43.962002609708904
155,221,12,0.4243007545635366,True,0,1,[15  1],[8.7755102e-01 6.2735257e-04],137,35.66996,139,41.58961486816406,42.975855448159834,50.42234702149201
156,222,0,0.29998779296875,True,1,1,[28  1],[0.90052354 0.0040282 ],185,41.90207,178,41.74565124511719,50.48442059252636,49.17973357850821
157,222,6,0.4242468053627785,True,1,1,[21],[0.83928573],159,28.887878,150,25.90464210510254,34.804672792733435,33.62537546172656
158,223,3,0.29998779296875,True,1,1,[35],[0.84782606],86,27.369787,84,37.33470916748047,32.9756472484175,45.01803552854548
159,223,5,0.29998779296875,True,1,1,[34 33],[0.92086333 0.00704225],133,34.5512,134,35.237548828125,41.627952851444846,39.98727488476111
160,223,6,0.29998779296875,True,0,1,[42  0],[0.7924528  0.00167504],50,11.987042,45,13.22146987915039,14.442219791642156,40.198812019664274
161,223,7,0.29998779296875,True,0,1,[12],[0.8629442],187,35.721855,180,38.95512008666992,43.03837971514967,43.494886983478935
162,223,8,0.5196293401259295,True,1,1,[40],[0.8333333],133,31.931568,142,36.009300231933594,38.47176885030356,50.485248407916885
163,225,8,0.424252200193688,True,1,1,[37],[0.0673077],8,3.197586,-1,-1.0,3.8525133247835095,-1.0
164,225,9,1.6970519590104265,True,1,1,[32],[0.71153843],121,25.516758,146,35.215946197509766,30.743081885648063,41.86369206505642
165,226,8,0.29999542236328125,True,1,1,[22 20],[0.8072917  0.00385109],177,37.51484,170,33.4985466003418,45.198601412485885,49.7586938929327
166,229,6,1.6431704583882962,True,1,1,[10],[0.5745856],136,29.744614,149,29.354738235473633,35.83688391260354,34.12336010309098
167,229,7,0.3000030517578125,True,1,1,[21 19],[0.78571427 0.0155642 ],172,36.748474,178,34.559791564941406,44.27527002541416,40.357071171965224
168,230,5,0.4242468053627785,True,0,1,[12  4],[0.88095236 0.00769231],83,19.678843,75,21.716596603393555,23.709448848862248,23.179332769374096
169,231,6,1.0816890820215157,True,0,1,[32],[0.742268],86,20.824436,83,29.087726593017578,25.089682153908605,41.18498326778168
170,233,5,0.4242575950931961,True,1,1,[27  4],[6.753247e-01 6.053269e-04],67,21.359974,62,26.611845016479492,25.73490832225386,40.41309023426935
171,236,0,0.29998779296875,True,0,1,[6 5],[4.1650295e-01 2.7677830e-04],2850,927.7856,-1,-1.0,1117.8139560193902,-1.0
172,238,1,0.3000030517578125,True,1,1,[13  3],[0.69545454 0.00594059],179,34.70577,194,33.1656379699707,41.81417901831937,43.58012249560496
173,239,5,1.2368961617996452,True,1,1,[29],[0.8741259],134,29.082314,134,28.98291778564453,35.03893197300923,35.58520379090356
174,240,10,1.0816763859084702,True,0,1,[12],[0.7755102],78,24.054579,96,24.735633850097656,28.981420218226425,29.67902280148509
175,242,6,0.8999938970017799,True,1,1,[25  1],[0.8064516  0.00117578],138,26.944862,142,32.577606201171875,32.46368959725621,46.74014769654216
176,243,9,0.6708272171878565,True,1,1,[12],[0.7529412],69,18.947882,80,27.216964721679688,22.828773130853495,41.32985198067415
177,244,5,0.2999267578125,True,1,1,[35  0],[8.4444445e-01 5.2356021e-04],85,22.48294,81,25.09834098815918,27.087880329913407,31.710087338900586
178,244,6,0.29998779296875,True,1,1,[11],[0.6451613],20,4.568964,31,6.921763896942139,5.504775909056147,6.981020500685058
179,244,7,0.300048828125,True,1,1,[31 30],[0.77272725 0.005     ],41,11.584797,37,10.547929763793945,13.95758663315371,16.23734584006661
180,247,2,1.1224270752285634,True,1,1,[16],[0.75],198,33.17421,222,40.83705139160156,39.96892722256213,48.1409828709436
181,248,6,0.4242575950931961,True,0,1,[26],[0.4375],13,4.011459,-1,-1.0,4.833082980420216,-1.0
182,250,5,0.300048828125,True,1,1,[23  7],[0.7285714  0.00431034],118,31.602577,124,39.14358139038086,38.07539422828031,51.054217346499556
183,251,7,0.9949607535474735,True,1,1,[14],[0.65909094],98,19.171686,121,23.439027786254883,23.098417075283557,26.7103236601186
184,252,6,0.4242575950931961,True,1,1,[11],[0.78512394],103,23.270527,113,28.389259338378906,28.03677938070642,31.91989687635794
185,253,10,0.424289965930668,True,1,1,[29  1],[0.9137931  0.00134499],109,31.004953,113,40.91469192504883,37.35536552337279,48.94388222467915
186,256,6,1.1225167910079612,True,1,1,[33],[0.6315789],19,4.4897366,12,3.3680315017700195,5.409321153020285,4.112817459456325
187,259,6,1.3415930190038556,True,0,1,[16],[0.83],86,29.850298,97,32.13364791870117,35.964214370911385,40.78725229119211
188,261,6,0.3000030517578125,True,1,1,[19],[0.8819444],131,34.780373,140,35.84757995605469,41.90406339714326,42.123102983331485
189,266,8,0.6707930974982584,True,1,1,[24],[0.776699],94,23.537374,89,31.415685653686523,28.358282525855376,38.120571542089785
190,267,11,0.3000030517578125,True,1,1,[38],[0.78205127],68,19.382769,71,22.995698928833008,23.352733290339092,28.827784341801237
191,268,5,0.300018310546875,True,1,0,[],[],11,3.7408867,-1,-1.0,4.50709239546075,-1.0
192,268,6,1.374750066269768,True,0,1,[10],[0.9245283],152,32.012203,154,40.556121826171875,38.568919538015344,45.22939491425295
193,271,11,0.2999267578125,True,1,1,[33],[0.85915494],65,18.455328,67,22.57758140563965,22.2353349249047,25.727685567066363
194,277,6,0.9486784728100077,True,1,1,[15],[0.8153846],115,36.786503,121,44.445220947265625,44.32108775678888,51.31142043265976
195,277,7,0.29998779296875,True,1,1,[29],[0.7736842],168,31.115496,169,34.759254455566406,37.48854901417192,45.300092318032554
196,279,12,0.4242468053627785,True,1,1,[11 10],[0.30927834 0.0030581 ],33,10.46097,-1,-1.0,12.603578222803323,-1.0
197,279,13,100.93118225923855,False,0,1,[4],[0.04007286],22,9.5485735,-1,-1.0,11.504305414406652,-1.0
198,279,14,0.42421444001344266,True,1,1,[17  4],[0.7522936  0.00625978],94,20.750666,97,17.899707794189453,25.000802005629943,20.49917114706199
199,280,14,0.3000030517578125,True,0,1,[16  9],[0.84375    0.01036269],30,10.935129,29,6.499349594116211,13.17485441644508,39.32634100705514
200,281,11,0.3000030517578125,True,1,1,[22  3],[0.86315787 0.00791139],92,18.367264,85,17.20363998413086,22.129233486681102,27.35985646230812
201,281,12,0.424268384549216,True,1,1,[12  7],[0.4347826  0.00100806],24,13.588338,-1,-1.0,16.371491443679997,-1.0
202,283,1,0.3000030517578125,True,1,1,[24  7],[0.7682119  0.00380228],131,28.259815,136,32.25117111206055,34.04797013983669,35.93521378606137
203,285,2,0.900060021284495,True,1,1,[15],[0.7883212],121,23.491283,124,25.185367584228516,28.30275110451572,32.625375867817525
204,287,7,82.20493064627438,False,1,1,[20 19],[0.64285713 0.03658536],75,23.668123,86,41.329158782958984,28.515811138842484,47.18155508075984
205,289,6,0.29998779296875,True,1,1,[8 7],[0.8176796  0.00127551],166,32.864166,163,34.40589904785156,39.595381035862204,40.96676338680205
206,289,7,inf,False,1,1,[1],[0.7897351],1605,406.94812,1638,420.330078125,490.29893990022595,521.8888521194459
207,291,9,0.300018310546875,True,0,1,[24],[0.23943663],141,55.514774,-1,-1.0,66.88527026808406,-1.0
208,291,13,1.9441913661785224,True,1,1,[30  3],[0.7768595  0.00127443],102,16.978624,113,21.132822036743164,20.456173908279606,42.171204410410155
209,291,14,0.4242575950931961,True,1,1,[31],[0.8492063],114,23.933617,119,29.03687286376953,28.835682696606742,32.140973218096335
210,292,2,0.9000142422981762,True,0,1,[10],[0.95454544],21,7.4104514,22,10.141639709472656,8.928254713495095,49.30731072490791
211,295,7,0.300018310546875,True,1,1,[32  2],[0.7443609  0.00168067],117,20.283548,115,22.725475311279297,24.438010066388603,34.16254288631583
212,295,8,0.29998779296875,True,1,1,[14],[0.7846154],53,18.64424,63,19.572927474975586,22.462939067059253,24.168740923897182
213,296,6,0.29998779296875,True,0,1,[11],[0.8472222],131,29.779844,135,38.8487663269043,35.87933046272003,43.83801123854498
214,297,11,1.5000244141121697,True,0,1,[48],[1.],4,3.181441,4,4.289546966552734,3.8330615284931233,34.40597820582759
215,299,1,0.9949055462777082,True,1,1,[40],[0.9166667],12,4.049896,11,5.000917434692383,4.879392486020744,5.351654444018977
216,299,2,0.29998779296875,True,1,1,[10],[0.815534],94,19.973955,93,21.46480369567871,24.06500621014331,26.19383439196101
217,302,1,0.29998779296875,True,0,1,[17  5],[0.6712329  0.00068322],63,17.0228,59,18.724620819091797,20.509398127176677,24.00263585973043
218,303,4,0.3000030517578125,True,1,1,[52  0],[6.5027320e-01 4.4033467e-04],153,28.759525,149,26.603187561035156,34.65003048080996,40.59691408667993
219,303,8,0.2999267578125,True,0,1,[18  9],[0.74814814 0.00336323],115,31.620045,121,28.807567596435547,38.09643940753248,43.86225100845171
220,304,12,0.3000030517578125,True,1,1,[27],[0.8378378],68,14.116569,68,17.00693130493164,17.0079139341791,25.279171333428106
221,304,13,0.6707930974982584,True,0,1,[12 11],[0.7761194  0.01239669],60,14.827727,59,15.341352462768555,17.864731708204893,18.43898312727412
222,306,0,0.29998779296875,True,1,1,[18  0],[0.7925532  0.00757576],165,31.360962,172,34.39052963256836,37.7842914627259,38.13795977919778
223,307,7,0.7348730873961772,True,1,1,[22 11],[0.72131145 0.00172824],109,24.071392,101,23.076875686645508,29.001677179911052,36.58885682833721
224,307,9,0.42421444001344266,True,1,1,[44],[0.8305085],107,25.716915,109,31.546777725219727,30.984235097126792,35.97820102575534
225,309,6,1.5297034601479038,True,1,1,[38],[0.21794872],21,5.26138,-1,-1.0,6.339012283876718,-1.0
226,312,1,2.121294448553479,True,1,1,[26],[0.8145161],114,31.308426,111,35.1986198425293,37.72099506424134,41.2835311639593
227,316,1,0.29998779296875,True,1,1,[32],[0.80625],142,30.907778,147,38.328208923339844,37.23828648946372,41.82394485017508
228,316,3,1.5588703939264994,True,1,1,[37  1],[0.60227275 0.00860585],78,21.130167,63,20.22784423828125,25.458032539091917,24.874766965982893
229,316,12,2.8301891638479315,True,1,1,[23],[0.6923077],71,16.164017,83,21.842275619506836,19.47471894413592,31.44796340658608
230,317,3,0.3000030517578125,True,1,1,[16 15 12],[0.72139305 0.02247191 0.00471698],172,41.690453,174,39.177734375,50.22946093455855,49.41322429828228
231,318,6,2.1213246594364428,True,1,1,[43],[0.8333333],65,18.617859,67,24.87831687927246,22.431155285203314,28.86544534243845
232,321,6,0.4242468053627785,True,0,1,[8 7],[0.8134328 0.0023068],122,28.12622,121,23.288257598876953,33.88701289533133,27.35422791751491
233,322,19,1.4999755861889612,True,1,1,[20],[0.7222222],100,24.237997,117,25.53645133972168,29.20240609042616,41.73515133091169
234,323,1,0.6708135693901118,True,1,1,[9 3],[7.8666669e-01 1.4480163e-04],133,34.377075,135,34.26158905029297,41.418162885918676,49.883570498920726
235,323,4,0.3000030517578125,True,1,1,[10  2],[0.859375   0.00093371],117,33.808735,121,41.440452575683594,40.733415534697386,47.513562512642125
236,325,8,0.29999542236328125,True,0,1,[10],[0.36241612],58,16.217941,-1,-1.0,19.539688294192395,-1.0
237,327,0,0.6708203933887703,True,1,1,[18],[0.81528664],138,24.610586,147,29.37151336669922,29.651308634194987,32.653941804816526
238,327,4,2.399993896484375,True,1,1,[44],[0.4074074],24,7.3914666,-1,-1.0,8.90538146696895,-1.0
239,332,0,0.2999267578125,True,0,1,[22],[0.870229],115,24.38362,130,28.285411834716797,29.377854588520098,31.455656516511716
240,332,2,0.29998779296875,True,0,1,[25],[0.9119497],149,33.733574,155,40.49238586425781,40.64286013683641,42.49406867313881
241,333,7,0.29999542236328125,True,1,1,[26  4],[0.7847222  0.00080841],133,26.281013,124,23.010644912719727,31.663871673216306,31.741377434155517
242,334,8,0.3000030517578125,True,1,1,[23],[0.8888889],111,29.68052,110,34.54454040527344,35.75966157108905,38.28623067406386
243,336,4,0.29998779296875,True,1,1,[46  0],[7.8899086e-01 1.9091256e-04],98,19.811543,97,21.64566993713379,23.869328326489555,25.27426919771545
244,337,3,0.3000030517578125,True,1,1,[16 15],[0.7751938  0.03723404],117,26.2078,112,25.914169311523438,31.57566254397473,29.135234319016128
245,338,7,0.670915928936066,True,0,1,[25],[0.13333334],9,4.8620896,-1,-1.0,5.857939318001989,-1.0
246,340,7,1.0816806184649572,True,1,1,[36],[0.852459],53,18.246607,60,22.145618438720703,21.983863646725577,28.542496882722364
247,342,2,0.300018310546875,True,1,1,[18 17],[0.7668394  0.01470588],170,30.648262,171,34.218963623046875,36.92561689629613,41.039590662522954
248,343,2,0.5195764834746849,True,1,1,[5],[0.90547264],194,36.769703,189,42.73942565917969,44.30084688117706,52.032180917320396
249,347,3,0.29998779296875,True,0,1,[5],[0.7387236],4505,1024.4779,4785,1436.59619140625,1234.3107292451054,1745.7394145757714
250,347,7,0.3000030517578125,True,1,1,[17  4],[0.7236842 0.0009901],69,15.802174,62,12.143633842468262,19.03876339096621,17.83811745641905
251,348,0,0.29998779296875,True,1,1,[20  2],[0.75510204 0.00265957],85,18.52544,87,21.417465209960938,22.319807489234282,29.968260602217278
252,348,7,0.3000030517578125,True,1,1,[17  8],[0.8306011  0.00423131],168,39.43882,167,45.65159606933594,47.51665046416134,51.609627451698884
253,348,8,0.42421444001344266,True,0,1,[19],[0.8648649],202,44.05514,212,43.67342758178711,53.07848367346339,49.20625874795594
254,349,5,0.3000030517578125,True,1,1,[44],[0.88],165,31.388592,164,32.42426300048828,37.81758044139449,46.63922045586787
255,350,1,1.7493007463769963,True,0,1,[33],[0.83505154],93,21.794283,85,28.044986724853516,26.258172184587963,34.10638973251321
256,350,4,0.3000030517578125,True,0,1,[32  1],[0.75609756 0.0042796 ],35,8.48762,37,7.248012542724609,10.226048618914135,36.28378765903372
257,352,6,176.45048354080913,False,0,1,[21],[0.04464286],5,0.9109558,-1,-1.0,1.0975370924156833,-1.0
258,356,1,0.4242683850979975,True,1,1,[9],[0.875],134,32.621147,136,38.03514099121094,39.30258693465267,47.91310216525799
259,356,8,0.29998779296875,True,1,1,[15 13],[0.87333333 0.0045977 ],145,50.220016,136,40.49606704711914,60.50604395119541,51.61842135927502
260,357,4,0.2999267578125,True,1,1,[12],[0.82894737],69,19.314049,70,22.24798583984375,23.269938273602225,30.094037795711916
261,359,5,0.3000030517578125,True,1,1,[38],[0.8043478],80,20.644806,86,20.252038955688477,24.873260130365214,21.610300079747898
262,361,2,0.3000030517578125,True,1,1,[7 6],[0.85915494 0.00322061],69,26.282013,63,25.935226440429688,31.665075830666417,41.605952612902215
263,361,3,2.418677325615849,True,0,1,[3],[0.02409638],2,2.1072712,-1,-1.0,2.538880957178323,-1.0
264,362,5,0.6708203933887703,True,0,1,[16  1],[7.3770493e-01 5.7686761e-04],51,15.0216255,55,17.028417587280273,18.098343998552807,21.9255776513939
265,364,7,0.29998779296875,True,0,1,[27  2],[0.5607477  0.00083857],65,18.873981,102,17.090335845947266,22.739736717867565,51.877277201114424
266,365,3,0.4242575950931961,True,1,1,[30],[0.82857144],67,18.56205,61,21.617395401000977,22.36391550087067,37.5471713472427
267,365,10,20.98712764226091,False,1,1,[26],[0.25],7,1.0770375,-1,-1.0,1.297635486327022,-1.0
268,365,16,0.29998779296875,True,1,1,[43  0],[0.52380955 0.00074822],81,18.38877,143,38.34041213989258,22.15514355395214,42.1348063645844
269,366,5,5.5154404459729625,False,1,1,[6 5],[0.79268295 0.06593407],77,22.289495,70,18.781375885009766,26.854813817035723,290.12772708776635
270,366,6,0.4242468053627785,True,0,1,[20],[0.8559322],103,19.532505,116,22.657543182373047,23.533138596867943,27.000952950288937
271,367,6,0.600006103515625,True,1,1,[22 21],[0.6363636  0.00186567],51,18.703003,57,21.018413543701172,22.533738469503014,28.22503993763095
272,368,9,0.4243007545635366,True,1,1,[54  1],[7.777778e-01 1.246106e-04],143,26.1478,145,29.33928108215332,31.503374030791136,31.92307765143866
273,369,13,0.29998779296875,True,0,1,[12],[0.875969],120,28.475424,122,29.192903518676758,34.30773953357375,37.52627178391815
274,371,9,0.3000030517578125,True,1,1,[13],[0.75586855],171,40.911575,203,44.51695251464844,49.291054599256405,50.51521629862846
275,372,5,0.6707999215750157,True,1,0,[],[],12,4.1696367,-1,-1.0,5.023658706481199,-1.0
276,374,8,4.189280754769324,False,1,1,[11],[0.7777778],7,5.3082676,9,9.171341896057129,6.395503124558783,14.073572025425433
277,375,11,0.7348855450891699,True,1,1,[44],[0.79881656],155,32.920837,149,33.59907913208008,39.66365952089609,42.007851959578694
278,375,18,2.59808061619377,True,1,1,[32],[0.60150373],89,18.291037,124,28.09758758544922,22.03739350100598,45.6873173816349
279,380,3,0.424268384549216,True,1,1,[13],[0.76666665],103,19.591066,109,20.08207893371582,23.603694410209197,27.118047262156676
280,380,4,0.3000030517578125,True,1,1,[14  0],[0.8579882  0.00208768],161,37.247223,153,38.89824295043945,44.876172169145335,42.81164723610095
281,384,1,0.29998779296875,True,1,1,[15],[0.8873239],130,29.175377,138,34.62613296508789,35.151056496493794,37.25032707203718
282,387,4,0.9486808855008206,True,1,1,[20],[0.15822785],30,6.573877,-1,-1.0,7.920333563563336,-1.0
283,387,5,0.424252200193688,True,1,1,[28],[0.8203125],119,20.623903,114,18.72613525390625,24.848076234380883,24.790367949586994
284,388,7,141.86448317857636,False,1,1,[ 4 16],[0.76837176 0.00512214],2466,534.1019,2443,595.178466796875,643.496299651732,747.3070621490479
285,393,7,0.3000030517578125,True,1,1,[21  3],[0.8291139  0.00369004],143,28.894226,146,32.6424446105957,34.8123205713479,43.34906101483863
286,394,6,0.4243115434708169,True,0,1,[13  2],[0.7741935  0.00564972],105,21.72392,115,27.15351676940918,26.173398580895853,36.903210958521434
287,396,1,0.4242575950931961,True,1,1,[10  9],[0.81       0.00413223],177,36.017693,185,35.40936279296875,43.3948103203831,41.19988938674357
288,397,3,3.2450002389002894,False,1,1,[15  5],[0.83916086 0.00636943],131,28.69773,132,30.58937644958496,34.57557724182865,38.88747200608815
289,397,4,0.5196557677795828,True,1,1,[14  6],[0.86315787 0.0046729 ],89,18.48625,88,20.23877716064453,22.27259026952537,26.699240841847125
290,397,5,0.3000030517578125,True,0,1,[13  7],[0.66019416 0.00637567],95,19.269096,76,15.535128593444824,23.215778764471953,29.350117504567933
291,399,4,0.29998779296875,True,0,1,[19  0],[0.91925466 0.0015448 ],159,30.467634,150,29.441131591796875,36.70799301331302,45.14858451676079
292,403,4,0.4243115434708169,True,0,1,[10],[0.84810126],75,18.749594,71,16.699111938476562,22.589871969567724,19.988089196541633
293,404,5,0.29998779296875,True,1,1,[18 19],[0.6282051  0.17419355],150,39.36209,104,34.49665069580078,47.424206101750755,50.41403958539881
294,409,3,0.4242575950931961,True,1,1,[11],[0.7],67,23.831778,69,31.640756607055664,28.712985027267276,40.0394707821831
295,411,13,1.3747800340061365,True,1,1,[18],[0.6363636],7,2.1022077,11,3.7426090240478516,2.5327803140663243,27.462193402657043
296,412,7,0.3000030517578125,True,1,1,[17],[0.7905759],169,36.28129,173,39.224491119384766,43.712395357798385,43.702744493374
297,412,8,0.2999267578125,True,1,1,[25 23],[0.5033557  0.02353556],129,27.299568,95,17.742691040039062,32.891045995505465,41.063200121480016
298,413,6,0.2999267578125,True,1,1,[13],[0.89344263],117,21.842241,114,20.99264907836914,26.31595335811018,22.730768641224763
299,415,9,118.77052129045147,False,1,1,[5 7],[0.69674796 0.00171024],4074,1173.5488,4274,1614.527587890625,1413.914250753012,2086.3844298154872
300,416,6,0.899993896484375,True,0,1,[12],[0.9157895],92,29.039917,90,40.415985107421875,34.98785179781627,46.81038045768742
301,417,6,0.600006103515625,True,1,1,[ 9 10],[0.140625   0.02352941],13,4.3831377,-1,-1.0,5.280888798725175,-1.0
302,418,4,0.3000030517578125,True,1,1,[27],[0.85714287],31,6.8154206,34,8.236546516418457,8.211350153727704,13.903416150641165
303,421,7,1.2369405696937397,True,1,1,[17],[0.7876106],94,21.423956,108,29.665626525878906,25.8119950811547,39.388007504331036
304,422,12,0.2999267578125,True,1,1,[34],[0.8663793],215,39.2556,218,43.85111999511719,47.295903585043305,51.3069049794079
305,423,5,1.307637477671753,True,1,1,[14],[0.78125],81,22.779488,90,27.67381477355957,27.445165795016003,37.93199523749979
306,423,8,1.3416680825292133,True,0,1,[27],[0.04081633],2,0.7108331,-1,-1.0,0.8564253887498235,-1.0
307,426,3,9.266077896596263,False,1,1,[16 13],[0.04029304 0.01162791],12,2.6718786,-1,-1.0,3.2191308147935986,-1.0
308,426,12,0.3000030517578125,True,1,1,[22],[0.5692308],41,15.082208,61,24.709388732910156,18.171334553913898,38.312883698196195
309,427,0,3.5241807352764956,False,1,1,[33],[0.74285716],56,14.038117,66,15.951127052307129,16.91339446837644,33.05857693437544
310,429,7,1.5297303925844445,True,1,1,[15],[0.73770493],56,17.789928,50,24.7832088470459,21.433648718408794,43.34227074125007
311,429,8,0.29999542236328125,True,1,1,[22 20],[0.7888889  0.02222222],78,21.479406,83,24.86751365661621,25.878802839531957,26.6243585359515
312,430,13,0.29998779296875,True,1,1,[31],[0.81707317],150,38.286697,148,36.912567138671875,46.128551069512426,48.23957754322536
313,431,12,0.42421444001344266,True,1,1,[43 42],[0.87234044 0.00155039],87,18.818857,89,23.79140853881836,22.673321919268876,31.43740448068084
314,433,3,1.4696838788554538,True,1,1,[14  7],[0.86764705 0.00483092],191,40.22656,190,37.86130142211914,48.46573335578643,43.78450288657649
315,433,4,0.4243007545635366,True,1,1,[19  2],[0.83760685 0.00344234],107,28.373146,108,28.529342651367188,34.18451332184206,34.29442655270228
316,438,5,0.4243007545635366,True,0,1,[33  0],[6.0256410e-01 1.5167602e-04],109,21.123932,141,29.187891006469727,25.450520343091117,42.81234887766288
317,439,7,0.29998779296875,True,1,1,[8 6],[0.6041667 0.000625 ],37,12.281299,40,9.199334144592285,14.796745346253179,10.61409244267236
318,440,7,0.7348232545122138,True,0,1,[16  4],[0.81060606 0.0015949 ],123,29.992033,116,25.552404403686523,36.13497952380813,39.6668772819235
319,440,10,1.8248147113520248,True,0,1,[22],[0.84],134,30.932259,142,34.930850982666016,37.26778145296028,47.201163623610455
320,442,9,0.5195940990723286,True,0,1,[28],[0.7826087],62,19.733719,61,20.468244552612305,23.775564906108812,24.437860537238656
321,443,1,334.83293959897526,False,1,1,[24 23],[0.4040404  0.01886792],43,8.449101,-1,-1.0,10.179640298866365,-1.0
322,445,13,24.324054030805158,False,1,1,[31],[0.8125],414,99.22029,427,125.32769775390625,119.54251944300641,161.90198020090634
323,449,2,0.29998779296875,True,1,1,[21 20],[0.80689657 0.00322581],130,31.38448,132,39.67809295654297,37.81262593096998,50.68766108410807
324,449,12,0.3000030517578125,True,0,1,[41  0],[0.8448276  0.00246914],109,33.42732,105,35.481231689453125,40.27387779879283,38.92697423186845
325,449,13,0.3000030517578125,True,0,1,[11],[0.75438595],96,20.016773,104,21.311817169189453,24.116594245634886,26.978141803509
326,453,6,8.954903394261663,False,1,1,[28],[0.5294118],10,2.0550082,16,5.650852203369141,2.4759134614323997,9.668983560610803
327,454,1,0.29998779296875,True,1,1,[24],[0.78409094],78,19.611929,79,25.08926010131836,23.628830047975107,36.58070843099805
328,454,5,1.7233783563986618,True,1,1,[16  3],[0.8235294  0.00197628],157,23.29635,153,22.496315002441406,28.067892143525274,28.74965889268605
329,455,4,0.5999755859375,True,0,1,[11  1],[0.78367347 0.00100806],218,47.00386,219,45.80422592163086,56.63115719714797,51.90217930201798
330,456,4,0.3000030517578125,True,1,1,[34  0],[8.3333331e-01 1.3631406e-04],117,26.655603,114,34.7747688293457,32.11518482989576,50.20279869915513
331,461,4,1.2368813568060792,True,1,1,[35],[0.4107143],52,13.226602,-1,-1.0,15.93566457909274,-1.0
332,462,1,0.9487074243266715,True,1,1,[18],[0.825],110,25.140265,109,29.35610008239746,30.289475314588433,33.53368851479568
333,462,5,0.2999267578125,True,1,1,[14],[0.5425532],61,18.872297,84,53.25273132324219,22.7377075746835,140.25354324220882
334,464,6,0.29998779296875,True,1,1,[26  1],[5.5865920e-01 1.2931591e-04],120,23.036816,159,39.54596710205078,27.755199570253673,50.71888881122416
335,465,9,0.3000030517578125,True,1,1,[10],[0.7948718],139,30.073174,141,40.3696174621582,36.23273918427617,46.28138014087896
336,466,3,inf,False,1,1,[11],[0.77828056],177,57.1017,216,52.81580352783203,68.79722870976093,70.99933996276039
337,466,6,0.29998779296875,True,0,1,[3],[0.05714286],4,1.4560661,-1,-1.0,1.7542965440865024,-1.0
338,466,7,0.29998779296875,True,1,1,[10],[0.8488372],81,16.5874,78,16.394309997558594,19.984819802893217,22.544100801683193
339,467,10,0.29998779296875,True,0,1,[10],[0.7777778],30,10.409873,34,12.19648265838623,12.542015673166299,13.6647574054925
340,468,0,2.078464492986382,True,1,1,[11],[0.71929824],95,22.086866,101,30.104549407958984,26.61068238407733,44.9062406396787
341,470,7,0.300048828125,True,1,1,[43  0],[0.716129   0.00431034],128,31.5155,138,37.19797134399414,37.97048086143402,49.93595038032365
342,471,5,0.29998779296875,True,1,1,[28],[0.5673077],73,20.307999,90,27.85262107849121,24.467468261718754,31.840739234544976
343,472,10,1.8248172198608035,True,1,1,[20],[0.8787879],121,19.017252,127,24.646846771240234,22.912351769137096,25.865484851421574
344,473,8,0.3000030517578125,True,0,1,[33  2],[0.73913044 0.00082102],67,12.870343,53,14.69811725616455,15.506437600377096,20.729895362021104
345,473,9,0.300018310546875,True,0,1,[17],[0.48],15,3.8605974,-1,-1.0,4.651322135006089,-1.0
346,474,5,0.4242683850979975,True,0,1,[15  7],[0.6025641  0.00767263],52,8.845419,73,20.021493911743164,10.657131241028567,37.47075478513167
347,476,11,0.899973551504155,True,0,1,[28],[0.8015873],108,24.576225,119,23.46363639831543,29.60990997682135,50.58407426759485
348,476,12,0.2999267578125,True,1,1,[13],[0.70625],130,35.861633,143,39.22386169433594,43.20678710937501,50.46186971107354
349,476,13,4.695729105116678,False,1,1,[34],[0.61864406],94,23.641397,97,31.12139892578125,28.483611417103965,47.64505014134694
350,477,0,0.300048828125,True,0,1,[27  2],[0.6764706  0.02027027],64,15.41088,50,12.80797004699707,18.567325408200187,16.154271506167806
351,477,4,0.3000030517578125,True,1,1,[3],[0.8035547],958,221.58998,970,279.8643493652344,266.9758808181947,345.1606773168604
352,477,9,0.4242683850979975,True,1,1,[10],[0.76623374],66,15.432079,70,18.60155487060547,18.592866644801866,20.96738435735217
353,478,2,0.3000030517578125,True,1,1,[16  2],[8.484849e-01 3.196931e-04],119,25.626669,125,29.109588623046875,30.875504735004473,35.003895316051825
354,479,7,1.374800012635153,True,0,1,[24],[0.83233535],152,29.970081,154,28.580097198486328,36.10853172210326,34.44978246814033
355,482,5,0.3000030517578125,True,1,1,[16  9],[0.6981132  0.00181488],43,10.619144,47,8.66672420501709,12.794149927346105,11.801391583320889
356,483,0,1.6155630432309365,True,1,1,[31],[0.7679558],156,31.340067,164,37.68935775756836,37.759116758783186,45.01909578690573
357,484,4,23.31138310518638,False,1,1,[20],[0.6545454],128,23.088192,145,25.160808563232422,27.81709877841444,40.85366188542662
358,485,3,0.9000015258789062,True,1,1,[23  1],[0.75739646 0.00556328],148,30.614132,149,33.27032470703125,36.884496298181006,41.43177087475597
359,486,3,1.615540375144195,True,1,1,[20],[0.7723577],109,21.218508,109,25.243167877197266,25.564467188823656,30.09843226319262
360,487,10,2.2450050353577398,True,1,1,[31],[0.77922076],71,15.395495,66,17.921903610229492,18.54878965630589,23.75781596753647
361,490,5,0.29998779296875,True,1,1,[18  4],[0.77272725 0.00470588],79,16.275167,77,17.060413360595703,19.608635500252966,21.930547999052305
362,491,7,0.899993896484375,True,1,1,[32],[0.8105263],84,21.30855,88,20.65577507019043,25.672951663833068,27.489021106301372
363,492,0,0.9486881234137319,True,0,1,[16  5],[0.5263158  0.00552486],106,21.914158,184,39.842498779296875,26.402599840279088,49.62428119851639
364,494,4,0.300018310546875,True,0,1,[30  0],[0.76363635 0.00121507],47,16.331354,50,16.046314239501953,19.676330290645005,48.76942294831507
365,495,7,0.600006103515625,True,1,1,[25],[0.6666667],7,2.154501,8,4.846045017242432,2.5957842907273627,5.996751480802207
366,496,8,0.9487122496162614,True,1,1,[13],[0.7425743],175,29.672352,177,36.798606872558594,35.74982149055206,45.527523973118534
367,498,3,0.29998779296875,True,1,1,[19],[0.94949496],194,54.70112,192,45.16520690917969,65.90496201113046,51.02345426201781
368,498,4,0.29998779296875,True,1,1,[13 12],[0.75233644 0.05392157],191,37.0903,184,32.64268112182617,44.687110257436,39.835732781013
369,499,2,1.9209448969254719,True,1,1,[0],[0.01017935],23,4.324895,-1,-1.0,5.210716753120883,-1.0
370,501,5,42.22759388195386,False,1,1,[4],[0.17419355],40,7.3096075,-1,-1.0,8.806756031082339,-1.0
371,501,7,0.4243007545635366,True,0,1,[14],[0.73394495],99,32.989845,90,30.120563507080078,39.7468015372035,46.52825818165457
372,502,7,1.5,True,0,0,[],[],6,2.2280006,-1,-1.0,2.6843381215290854,-1.0
373,503,1,0.3000030517578125,True,1,1,[7],[0.8181818],140,29.947548,140,30.790267944335938,36.081383027226096,35.539846561933764
374,503,4,0.29998779296875,True,1,1,[11  3],[0.8513514  0.00162206],142,30.318224,132,30.251083374023438,36.52798066656274,48.24426450885902
375,503,5,0.3000030517578125,True,0,1,[8],[0.1388889],5,1.2621678,-1,-1.0,1.5206841101129371,-1.0
376,506,8,0.5999755859375,True,0,1,[11],[0.5],4,2.6816492,-1,-1.0,3.2309026603239133,-1.0
377,508,1,0.29998779296875,True,1,1,[15],[0.90588236],82,23.610542,80,28.956661224365234,28.44643650284733,38.747524139349984
378,509,4,0.29998779296875,True,1,1,[51  4],[0.8220339  0.02116402],109,21.735102,106,24.553653717041016,26.18686951786639,29.428348979519146
379,511,8,0.3000030517578125,True,1,1,[20],[0.7816092],156,34.546295,154,33.87773895263672,41.62204236869353,44.141771402416474
380,512,7,0.9486929497831813,True,1,1,[21],[0.9122807],54,11.531559,55,15.255349159240723,13.893444566841586,19.96485394641761
381,512,8,0.2999267578125,True,1,1,[8 7],[0.7086093 0.001443 ],115,27.761887,143,36.490413665771484,33.44805614057794,43.540843041764916
382,513,0,0.4242575950931961,True,1,1,[17  2],[0.8341709  0.00089008],179,39.134903,186,39.26911926269531,47.15048548686936,42.25803021489321
383,514,9,0.3000030517578125,True,1,1,[36  0],[8.4827584e-01 7.6103501e-04],134,25.766289,134,32.874935150146484,31.043721394366532,38.62470568194362
384,517,5,0.9000244140625,True,1,1,[18],[0.5882353],47,16.180359,61,24.220375061035156,19.494408297251507,27.998497028523413
385,517,10,4.337043144644297,False,0,0,[],[],2,0.6804731,-1,-1.0,0.8198470954435418,-1.0
386,518,10,0.29998779296875,True,1,1,[30  2],[8.3919597e-01 5.6689343e-04],179,46.386147,187,42.27101135253906,55.88692354868694,50.19016915104047
387,518,11,8.984976474467219,False,1,0,[],[],1,0.24803941,-1,-1.0,0.29884266207017096,-1.0
388,519,9,0.7348543984012518,True,1,1,[29],[0.7361111],62,15.432458,63,13.574962615966797,18.59332279986646,20.255324197833904
389,519,10,22.274823922186254,False,1,1,[38],[0.1724138],19,4.238825,-1,-1.0,5.107017884771508,-1.0
390,522,6,0.2999267578125,True,1,1,[16  3],[0.8216216  0.01351351],171,35.358093,166,35.87635803222656,42.60011236351657,44.13701072569475
391,524,9,1.2727584005374684,True,0,1,[35],[0.8695652],21,7.7412953,22,9.736109733581543,9.326861852622894,12.135029942033778
392,526,0,0.3000030517578125,True,1,1,[13  9],[8.0952382e-01 6.9252076e-04],176,36.81254,166,37.42617416381836,44.35245559876224,50.1019650106891
393,526,2,1.2728015572029576,True,1,1,[20],[0.822695],131,30.369213,126,31.72028160095215,36.58941337861211,38.04677132340301
394,526,12,0.29999542236328125,True,1,1,[16  8],[7.567568e-01 5.520287e-04],31,7.44982,34,10.417227745056152,8.9756867971765,18.088190411973894
395,527,3,inf,False,1,1,[22  3],[0.7096774  0.07092199],133,32.897552,132,32.342811584472656,39.635605409920935,49.09745752975336
396,527,6,0.4243007545635366,True,1,1,[12 16],[0.7109827 0.1242236],155,33.06627,141,35.94243621826172,39.838878217949926,42.135324020136764
397,528,6,0.29998779296875,True,0,1,[21],[0.8245614],102,21.266611,106,21.860517501831055,25.622423011136345,23.849225830224118
398,531,5,0.4242252311158769,True,1,1,[39],[0.76666665],54,12.238321,52,11.767736434936523,14.74496542689312,13.023083634131531
399,533,2,0.6707930974982584,True,1,1,[33],[0.83181816],201,43.75726,202,42.30311584472656,52.71958960108011,49.68821172517057
400,533,3,0.300048828125,True,0,1,[35  1],[0.733871   0.00232019],108,23.26074,107,34.66672134399414,28.024988289339,40.552030356612974
401,533,4,30.420078794279764,False,1,1,[28 36],[0.7253521  0.13043478],137,24.614765,108,27.96283721923828,29.65634357498353,29.620788990310164
402,533,6,0.600006103515625,True,1,1,[32],[0.625],61,19.396809,43,7.780586242675781,23.3696489449007,32.01218924821013
403,534,6,0.29998779296875,True,1,1,[12  3],[8.0000001e-01 5.3676864e-04],89,17.55071,91,19.476112365722656,21.145434551928417,29.407050260106036
404,535,6,0.3000030517578125,True,1,1,[18  1],[0.7808219  0.00200803],128,29.254747,132,37.54694747924805,35.24668360330973,43.76723938574618
405,536,10,0.9486784728100077,True,1,1,[16],[0.82051283],71,13.865916,71,17.310922622680664,16.70592319534486,26.77460026400486
406,539,7,2.4186716466329723,True,0,0,[],[],44,6.6913185,-1,-1.0,8.061829532485412,-1.0
407,541,3,0.29998779296875,True,0,1,[12  7],[0.5263158  0.01128668],31,8.328733,27,9.149720191955566,10.034618607486587,12.061469129718718
408,541,4,0.3000030517578125,True,0,1,[22  2],[0.7149123  0.00082508],183,34.86876,208,41.607521057128906,42.01055319912463,50.941730171291674
409,541,5,2.09999302469499,True,1,1,[23  1],[0.78431374 0.00305499],93,20.165478,89,21.52034568786621,24.295756328536804,30.695020932059617
410,542,4,1.2728159440183007,True,1,1,[21],[0.46296296],25,7.9676304,-1,-1.0,9.599554682352457,-1.0
411,544,6,0.6708203933887703,True,0,1,[9],[0.65909094],73,26.359184,73,24.127267837524414,31.758053331490025,33.19601760193234
412,546,3,0.5999984741210938,True,1,1,[24],[0.75714284],130,26.902401,116,28.68488883972168,32.41253128970962,37.054659510061306
413,546,11,0.29998779296875,True,0,1,[31],[0.8368421],166,32.940746,183,36.452720642089844,39.68764615346151,45.90318598378033
414,550,6,0.29998779296875,True,0,1,[28  2],[8.235294e-01 6.199628e-04],121,28.36402,127,35.24996566772461,34.173517342073374,44.19772242413901
415,552,5,0.29998779296875,True,1,1,[13],[0.7808765],220,40.418488,227,45.69917678833008,48.696972950395335,53.88626914437047
416,553,6,0.8999837242457838,True,1,1,[23],[0.74311924],87,19.882488,103,26.248266220092773,23.954805121364366,43.8356011027263
417,553,10,0.7348730873961772,True,1,1,[30  8],[0.79891306 0.00243902],166,34.00953,165,39.062408447265625,40.975336281650044,51.30915023240606
418,555,3,0.7348668584704857,True,0,1,[19],[0.04093567],19,4.1816163,-1,-1.0,5.038091935307147,-1.0
419,556,13,0.3000030517578125,True,1,1,[46],[0.8563536],169,32.062027,167,37.90451431274414,38.628948165709716,47.12516180962268
420,556,14,0.848493610725557,True,1,1,[35 34],[0.83435583 0.00194932],153,29.834831,146,32.1411247253418,35.945579804569846,38.540090827982354
421,558,5,1.6431816021723238,True,0,1,[26],[0.8181818],67,14.341153,73,16.809207916259766,17.278497764863165,21.172946146716537
422,558,6,0.300048828125,True,1,1,[16],[0.6666667],41,8.590214,44,12.595989227294922,10.34965515136719,15.001257551347672
423,560,4,9.386712117697305,False,0,1,[11  9],[0.78125    0.00925926],29,6.255259,28,8.389039039611816,7.53645667110581,15.20828036552122
424,560,9,0.29998779296875,True,1,1,[14  5],[0.86538464 0.00578035],95,23.642933,99,31.595104217529297,28.485461315476755,43.56153367182435
425,561,8,5.307545771311364,False,1,0,[],[],3,1.0224918,-1,-1.0,1.2319178466337275,-1.0
426,563,9,0.8485259795738118,True,1,1,[30  1],[0.7244898  0.00295421],79,15.882863,90,20.71279525756836,19.135979571974424,36.356357761970656
427,566,7,0.29998779296875,True,1,1,[13 10],[8.6486489e-01 2.5980774e-04],104,24.528034,103,25.855600357055664,29.551848446030217,34.96848268681972
428,566,8,0.29998779296875,True,1,1,[25  1],[0.74761903 0.00077773],193,34.447693,174,36.8820686340332,41.503244423004524,44.95679001620675
429,566,10,0.670820393562312,True,1,1,[16],[0.78205127],128,27.767742,150,34.6683464050293,33.455111032508945,41.69740925169398
430,566,11,0.4242575950931961,True,1,1,[20],[0.16981132],13,4.2296696,-1,-1.0,5.095987434846809,-1.0
431,569,5,1.4071162698960527,True,1,1,[29],[0.8208955],61,21.085726,61,28.88893699645996,25.404488896749108,43.223295662872175
432,569,6,0.29998779296875,True,1,1,[18 12],[0.8842105  0.00145054],93,20.711489,86,22.86840057373047,24.953600871993835,25.604863991253055
433,571,16,4.7434184203729215,False,1,1,[26 10],[0.36384976 0.00177873],169,27.910313,-1,-1.0,33.626882713961315,-1.0
434,572,7,1.9209401309056207,True,1,1,[15],[0.00103413],1,0.27533352,-1,-1.0,0.3317271370485605,-1.0
435,578,15,0.29998779296875,True,1,1,[13 12],[0.7380952  0.00135135],39,14.003431,34,15.437557220458984,16.871604000229436,33.83777951375955
436,583,0,0.29998779296875,True,0,1,[34  1],[3.9805827e-01 2.0300447e-04],94,22.668444,-1,-1.0,27.311377927481413,-1.0
437,584,2,0.424252200193688,True,1,1,[5],[0.00695249],11,2.9277623,-1,-1.0,3.5274244216551267,-1.0
438,585,9,0.300048828125,True,1,1,[25],[0.8245614],94,27.047113,114,30.198144912719727,32.586883636842295,35.23818434800302
439,587,5,0.3000030517578125,True,1,1,[16],[0.7383177],84,25.239452,102,39.68610382080078,30.408978749470542,43.90019266571369
440,588,2,36.54709305795091,False,1,1,[7],[0.68421054],15,3.6573176,17,5.794191360473633,4.406406793249659,130.00910691095788
441,588,4,0.2999267578125,True,1,1,[16  2],[0.6216216  0.07222223],92,19.849672,88,21.294586181640625,23.915267852415525,28.320282322450176
442,588,5,0.3000030517578125,True,1,1,[17  1],[5.1923078e-01 5.1308365e-04],69,15.317576,89,20.12398338317871,18.4549113354051,28.17579717361155
443,591,1,1.7233757001532126,True,0,1,[ 5 22],[0.1589041  0.13617606],718,222.45981,-1,-1.0,268.0238654814571,-1.0
444,594,0,0.29998779296875,True,1,1,[15],[0.7181818],89,19.503149,100,23.01692008972168,23.497769918786474,30.157551021996984
445,597,7,2.491966585165241,True,1,1,[27],[0.8023256],148,23.441347,162,33.50508117675781,28.242586894207694,44.23434149762981
446,598,1,0.29999542236328125,True,0,1,[16  0],[0.7209302  0.00328947],139,33.094406,157,38.337921142578125,39.87277846738517,50.10900268420344
447,599,6,0.29998779296875,True,0,1,[9],[0.44],12,5.6230493,-1,-1.0,6.774758143597339,-1.0
448,605,1,134.1811410299365,False,1,1,[12],[0.08571429],209,44.277664,-1,-1.0,53.346583354904,-1.0
449,609,6,0.4242468053627785,True,1,1,[11 10],[0.76086956 0.00180941],42,10.718532,39,9.908849716186523,12.913893504315114,10.64592202232824
450,610,4,2.2044946728670634,True,1,1,[43],[0.76086956],40,10.584036,41,15.430891990661621,12.751850449895285,28.48255486448534
451,611,5,0.424252200193688,True,1,1,[16 15],[0.872449   0.01020408],185,42.122784,182,39.668357849121094,50.750341760106835,49.16474339633855
452,611,6,0.3000030517578125,True,1,1,[19],[0.8513514],135,28.744755,139,29.735570907592773,34.63223468826478,35.318813877892545
453,611,7,0.4242468053627785,True,1,1,[23  2],[0.8333333  0.00090992],39,14.84305,38,17.24481773376465,17.883192774761156,20.965547615663397
454,613,0,0.29998779296875,True,0,1,[13  9],[0.62886596 0.00403633],75,24.123869,83,21.469118118286133,29.064902340073186,31.787813631927214
455,615,8,0.29998779296875,True,0,1,[8],[0.8666667],164,41.90031,172,37.58482360839844,50.482301826936656,42.63573458806986
456,617,10,0.3000030517578125,True,1,1,[22  2],[7.7310926e-01 1.9425020e-04],102,26.8678,109,24.44198989868164,32.37084308302546,33.62954789021481
457,618,8,0.29998779296875,True,1,1,[24],[0.85470086],108,18.376503,109,18.341140747070312,22.140365049063444,20.677444235115992
458,618,9,0.4242683850979975,True,0,1,[21 12],[0.8961039  0.00264784],149,28.214085,143,30.62068748474121,33.992873042462826,31.022204188402792
459,620,7,0.2999267578125,True,1,1,[24 20],[0.5906433  0.20987654],155,39.23347,117,22.935976028442383,47.26924206837114,27.137189912766257
460,621,9,0.4242468053627785,True,0,1,[28  1],[0.05952381 0.00318907],13,2.7390127,-1,-1.0,3.300015323133354,-1.0
461,623,3,0.424252200193688,True,0,1,[11],[0.8873239],65,14.564096,69,19.216976165771484,17.547104157597186,50.68815379240489
462,625,3,0.3000030517578125,True,0,1,[13  6],[8.5624999e-01 8.4530853e-04],151,29.38473,146,32.06202697753906,35.403288416115636,47.52918261301406
463,629,9,1.3747567258278974,True,1,1,[37],[0.82098764],151,35.080326,144,38.294410705566406,42.26545310882201,42.930439830145346
464,630,10,0.29998779296875,True,0,1,[16 13],[0.08695652 0.01111935],24,8.808495,-1,-1.0,10.612644057676018,-1.0
465,631,3,1.3747733744550652,True,1,1,[3],[0.72988504],153,30.407059,148,32.52671432495117,36.63501050098833,48.881857283081324
466,634,4,0.7348419401802327,True,0,1,[40],[0.73134327],55,15.402105,61,17.17292594909668,18.55675341135048,19.547969714390952
467,635,10,0.29998779296875,True,1,1,[41],[0.94495416],105,26.031258,107,28.504234313964844,31.362960999270523,35.58986892768863
468,636,0,0.29998779296875,True,1,1,[ 9 13  3  5],[0.52       0.23391813 0.00272727 0.00099717],161,34.97962,105,24.796010971069336,42.14412275567113,29.577807987430084
469,637,7,0.3000030517578125,True,0,1,[26 24],[0.7232704  0.00243902],123,33.51513,151,37.62605285644531,40.3796736016331,46.74204992477671
470,638,3,22.967148700559306,False,1,1,[17],[0.06818182],3,0.70845914,-1,-1.0,0.8535652275545053,-1.0
471,640,1,inf,False,1,1,[19],[0.7083333],161,28.571598,208,48.67720413208008,34.42361211202231,54.448265431129236
472,641,0,0.29998779296875,True,1,1,[42  0],[5.970149e-01 5.403945e-04],157,33.604053,164,37.18376922607422,40.486811442547534,46.63399400583326
473,644,7,0.4242468053627785,True,1,1,[39  1],[0.8333333  0.00149611],84,15.740268,81,17.850120544433594,18.96417801638684,24.49432755588611
474,644,8,0.3000030517578125,True,1,1,[35  2],[8.6915886e-01 3.6343813e-04],100,27.604645,100,27.187244415283203,33.25860816312124,32.85718397725426
475,646,5,0.3000030517578125,True,0,1,[24  1],[8.804348e-01 2.199736e-04],87,17.9301,86,16.59075164794922,21.602529502776733,22.68361209144949
476,646,6,2.5806972254866496,True,1,1,[15],[0.79012346],130,30.94213,160,42.61763000488281,37.27967365678535,51.575590039928144
477,647,4,0.2999267578125,True,1,1,[23],[0.9117647],132,25.151443,128,28.758968353271484,30.30294395354857,36.237328168998694
478,648,7,0.9486736475940446,True,1,1,[12],[0.9518072],164,38.579315,160,44.563720703125,46.48110263318901,52.017424645896874
479,650,7,0.3000030517578125,True,1,1,[14],[0.6],70,21.83181,98,20.179357528686523,26.303385539227225,27.7100132023291
480,651,0,6.044834927317216,False,1,1,[3],[0.7627416],1936,436.97192,2076,637.8702392578125,526.4721973832832,830.9623599052429
481,652,9,0.2999267578125,True,1,1,[19],[0.80851066],84,15.916785,86,19.010602951049805,19.176849686955833,19.79743603292832
482,658,8,0.300048828125,True,0,1,[20  3],[8.301887e-01 7.119127e-04],50,12.654605,47,11.219060897827148,15.246511941932772,11.49414118415028
483,660,1,0.6708476902510648,True,0,1,[17],[0.8318584],98,23.893387,109,27.398406982421875,28.787213061229295,38.978570028081606
484,662,3,0.29998779296875,True,1,1,[12 13],[0.64356434 0.14606741],87,27.637928,79,24.45119285583496,33.29870844461832,24.942190042473513
485,664,9,0.424268384549216,True,1,1,[31  3],[0.80473375 0.00089445],147,33.93403,158,39.626548767089844,40.88437183793769,49.74718073450324
486,667,8,22.504001760017314,False,0,1,[16],[0.3846154],7,3.4352913,-1,-1.0,4.138905169015907,-1.0
487,670,6,1.5297064525797102,True,1,1,[15 16 17],[0.62352943 0.13414635 0.125     ],80,26.639677,58,26.774133682250977,32.09599644304758,29.477332915762368
488,679,5,inf,False,1,1,[8 5],[0.77717394 0.05154639],176,31.029613,151,35.64649963378906,37.385076499847045,45.471869764426614
489,681,5,0.9486543469756282,True,1,1,[31  3],[0.68292683 0.00069444],32,7.516956,37,7.8037800788879395,9.056573316275356,12.364675666048495
490,681,6,0.29998779296875,True,1,1,[32  1],[0.74496645 0.00158228],137,28.657806,123,21.717329025268555,34.527477586125755,32.99575038971717
491,682,0,0.4242683850979975,True,1,1,[27  0],[0.79611653 0.00178891],92,21.062925,93,18.74075698852539,25.377018480415806,26.375812147461986
492,684,1,4.752886824580396,False,0,1,[5],[0.7254902],84,26.037243,92,32.76072692871094,31.370172155908794,36.868133363609736
493,685,7,2.1000061037373676,True,1,1,[22],[0.7457627],104,23.808058,102,33.83829879760742,28.6844069699207,47.99682515483387
494,685,8,1.3417090261567226,True,0,1,[30  1],[0.81395346 0.00153846],153,32.60783,159,33.22416687011719,39.28654222603304,44.67573735375497
495,687,4,0.29998779296875,True,1,1,[24  0],[8.105263e-01 6.040471e-04],88,23.865738,84,31.778451919555664,28.753901102456705,39.56453428449758
496,690,4,2.16329352370886,True,1,1,[10 20],[0.52820516 0.10144927],133,26.6274,165,33.78317642211914,32.08120415009648,40.784692079092814
497,692,11,0.424289965930668,True,1,1,[26],[0.68041235],83,18.305857,80,17.86577606201172,22.055249041821586,22.09845808583972
498,693,6,0.29998779296875,True,0,1,[19],[0.74],40,9.233,47,9.344169616699219,11.124096146549087,16.3213821172791
499,693,7,0.6708545130783613,True,0,1,[8 6],[0.7258065  0.00151134],55,12.621676,52,8.40671157836914,15.206839090370272,21.780738350509914
500,697,4,1.0816636898616552,True,0,1,[11],[0.63225806],117,22.87263,136,39.227134704589844,27.557384536927007,52.07905060388252
501,698,10,1.1999969482421875,True,0,1,[10],[0.95652175],89,27.2738,91,33.2926025390625,32.85999987498824,49.3129082653686
502,699,2,1.5588557118358282,True,0,1,[13],[0.1875],10,6.976678,-1,-1.0,8.405636017581067,-1.0
503,701,15,0.300018310546875,True,1,1,[17  6],[8.425926e-01 5.473454e-04],96,33.393867,103,39.0998420715332,40.233575292380465,49.2061745509685
504,701,16,4.947714168021388,False,0,1,[24],[0.00438596],1,0.73900837,-1,-1.0,0.8903715265802591,-1.0
505,702,10,0.300048828125,True,1,1,[28],[0.75333333],127,26.9128,136,25.096179962158203,32.42506004241576,30.164055224252362
506,705,6,0.300048828125,True,0,1,[16],[0.85833335],219,50.325737,227,42.950294494628906,60.63341807170087,50.045503134599215
507,710,7,1.5297154308103145,True,1,1,[22],[0.7692308],104,22.513931,103,31.872230529785156,27.125218402908512,37.81817338412077
508,712,3,0.29998779296875,True,0,1,[9],[0.8614458],152,34.445873,157,34.79180908203125,41.50105212108199,42.30830517161038
509,713,8,0.29998779296875,True,0,1,[14],[0.63414633],55,15.3143015,79,23.64299964904785,18.450965651546618,36.34189459057417
510,715,12,0.4242575950931961,True,1,1,[14  9],[0.86885244 0.0010929 ],111,20.232452,117,22.20928382873535,24.37644866575678,28.846076916922367
511,717,9,0.29998779296875,True,0,1,[13],[0.8125],45,16.678907,42,13.667732238769531,20.09506914989058,45.506802158989665
512,718,14,0.29998779296875,True,1,1,[25  1],[0.76875    0.00169205],140,30.015491,143,31.310749053955078,36.16324275372977,41.271824664299444
513,718,15,1.6155517089390865,True,0,1,[9 8],[0.7126437  0.00107643],70,13.656357,79,20.204097747802734,16.453441941594505,31.053116956417757
514,719,0,0.29998779296875,True,0,1,[11],[0.72727275],81,19.576561,90,22.907577514648438,23.586218041109753,27.62858224185551
515,719,12,104.20885487020364,False,1,0,[],[],1,0.2640648,-1,-1.0,0.318150347973927,-1.0
516,720,8,0.4242468053627785,True,1,1,[32 30],[0.86206895 0.0078125 ],83,26.585545,79,20.769392013549805,32.0307766098574,24.39153238945362
517,721,13,0.3000030517578125,True,1,1,[52  1],[7.0204079e-01 4.8473096e-04],216,38.346382,201,40.207740783691406,46.20046041097986,50.329518283645804
518,723,9,0.9949745552372941,True,1,1,[26  1],[8.1578946e-01 5.9171597e-04],138,30.6408,138,38.623321533203125,36.916627079607494,44.42456942403449
519,724,2,71.35899521946627,False,1,1,[3],[0.7151449],1536,344.67532,1601,492.69415283203125,415.27147407991345,623.6950300962488
520,724,11,0.4242468053627785,True,0,1,[14  9],[6.2500000e-01 2.3546032e-04],20,4.2838607,19,5.279346942901611,5.161277931856822,39.051615592288464
521,725,10,0.7348606290563457,True,0,1,[18],[0.8911917],185,38.051617,180,40.834991455078125,45.84532128759178,46.43392637166237
522,726,7,0.5999755859375,True,1,1,[28  3],[7.894737e-01 7.570023e-04],65,16.42975,71,18.49503517150879,19.794880051210704,28.01880721293595
523,727,6,0.5195852940368115,True,1,1,[20],[0.82539684],113,32.54385,117,30.666332244873047,39.2094577651426,42.278465135583424
524,729,6,0.6708203933887703,True,1,1,[26  6],[6.781609e-01 3.536068e-04],136,29.49473,156,33.22621154785156,35.5358192719609,47.499118051687276
525,730,3,0.3000030517578125,True,1,1,[15],[0.63589746],145,24.727554,174,36.20219421386719,29.79223412203502,40.71586883788529
526,732,9,1.2369294672108688,True,0,1,[18],[0.4888889],35,21.204418,-1,-1.0,25.547491785991625,-1.0
527,734,0,0.29998779296875,True,1,1,[38  0],[8.3589745e-01 3.6324011e-04],182,45.066948,176,38.35737609863281,54.29752763495388,46.461595996457774
528,734,6,0.42421444001344266,True,1,1,[13],[0.76],20,5.7203107,24,5.953727722167969,6.891940587974457,6.937796274166923
529,735,4,68.51765531574097,False,1,1,[14 13  5],[0.66486484 0.01111111 0.00412493],169,31.019104,139,27.209623336791992,37.372414462537655,37.56892847247627
530,736,10,0.3000030517578125,True,1,1,[48],[0.83870965],85,18.410503,86,23.229938507080078,22.181329382471294,28.99171899473643
531,737,4,1.236918365004812,True,0,1,[24],[0.92045456],84,21.56502,85,26.328062057495117,25.9819513343903,48.34219807886909
532,738,10,0.3000030517578125,True,1,1,[14 13],[8.6206895e-01 8.2508253e-04],192,29.90379,186,38.128868103027344,36.028662072606835,51.155724610865036
533,738,14,0.5196117185536361,True,1,1,[12  6],[0.8296296 0.0009901],126,28.040543,121,25.199499130249023,33.78378626811936,33.37282192031672
534,739,2,0.4242683850979975,True,1,1,[9 8],[9.000000e-01 6.756757e-04],20,6.7777443,18,6.301121711730957,8.165956979774569,6.693585785253807
535,742,4,0.29999542236328125,True,0,1,[10  2],[0.8873239  0.00817439],70,25.009214,64,32.97728729248047,30.131583615957975,39.776716929637715
536,743,0,0.3000030517578125,True,1,1,[16  3],[0.59183675 0.00494132],128,32.606293,106,32.22137451171875,39.28469002964985,49.2612456175623
537,743,2,0.424252200193688,True,0,1,[9],[0.740113],147,24.964603,161,38.92594528198242,30.07783545068948,49.8831370403558
538,744,10,0.424289965930668,True,1,1,[12  7],[0.7373737  0.00522648],83,25.433064,89,28.495922088623047,30.64224518925311,39.58024793707776
539,745,9,0.5999755859375,True,1,1,[29],[0.7368421],17,6.3451695,16,7.69010591506958,7.644782583397555,9.049649005715656
540,749,13,1.1999969482421875,True,1,1,[26],[0.875],141,28.396275,144,34.049400329589844,34.21237899596433,45.60790403045271
541,754,8,1.1224760101491862,True,0,1,[19],[0.7977528],78,18.431307,82,22.166080474853516,22.20639378191477,46.54100622923301
542,759,0,0.29998779296875,True,1,1,[12],[0.76623374],64,21.462889,72,32.90632629394531,25.858902069459482,50.01981681661887
543,759,3,0.29998779296875,True,1,1,[10],[0.7741935],83,15.803366,82,15.843273162841797,19.04019964746682,21.106777025074262
544,759,4,0.3000030517578125,True,1,1,[22  1],[0.76649743 0.00167504],185,32.80428,163,31.90410804748535,39.52322810529227,43.862403810391854
545,760,11,2.683281573034456,True,1,1,[ 7 18 24 21  4],[7.1296638e-01 7.5022066e-03 4.4563279e-04 4.4169612e-04 3.9777247e-04],2234,507.35925,2403,665.3402099609375,611.2762083490211,890.1730321676293
546,761,5,0.4242791742796267,True,0,1,[11  7],[0.7826087 0.0019802],61,11.578642,62,10.150280952453613,13.950170953589751,10.930735158407694
547,765,4,0.4242791742796267,True,0,1,[22],[0.7361111],61,18.336187,64,27.305938720703125,22.09179200321795,34.88586361330127
548,766,1,0.29999542236328125,True,1,1,[31],[0.83809525],90,24.66162,103,36.077125549316406,29.71279420048358,46.188108589247015
549,766,6,24.353654641258608,False,1,1,[29],[0.00164204],4,1.0695658,-1,-1.0,1.2886334614581374,-1.0
550,766,7,0.29998779296875,True,0,1,[11  8],[0.9223301  0.00311526],100,21.486845,98,29.410171508789062,25.887765080095775,32.908500481890016
551,770,2,0.3000030517578125,True,1,1,[14],[0.4532374],70,15.646059,-1,-1.0,18.850673537656487,-1.0
552,770,17,2.846054719506579,True,0,1,[15  5],[0.73109245 0.00843486],102,24.161695,104,30.85455894470215,29.1104764823454,45.303443546413504
553,771,16,0.8485151901863922,True,1,1,[11],[0.9433962],101,19.461012,105,25.731687545776367,23.44700227300805,35.476243533946956
554,771,17,0.6708067454088067,True,0,1,[22  8],[8.4924620e-01 6.7031616e-04],188,44.63684,180,42.1086540222168,53.77932628953314,50.07297006294339
555,772,4,0.4242683850979975,True,1,1,[15  2],[0.85119045 0.00959233],159,32.96253,152,36.542503356933594,39.713889432240684,51.23686867789998
556,772,5,0.4242090445651077,True,0,1,[16  0],[8.914729e-01 7.163324e-04],124,27.935982,120,31.77568817138672,33.65780933793769,49.77443249276843
557,774,0,0.3000030517578125,True,1,1,[32  1],[8.095238e-01 8.035356e-04],133,28.835186,133,35.369346618652344,34.741187957395994,49.06806654432606
558,774,10,1.7234288249598329,True,0,1,[12],[0.8],97,18.73496,101,20.710182189941406,22.572241633771416,24.558242424567098
559,775,11,0.9487074243266715,True,1,1,[28],[0.81208056],135,28.082615,135,27.618316650390625,33.83447578154415,31.753223085579705
560,775,12,0.2999267578125,True,1,1,[32],[0.8],135,32.48711,153,31.933080673217773,39.141096551734286,36.673552760878955
561,776,4,0.3000030517578125,True,1,1,[8 7],[0.775      0.00102459],35,9.046315,36,8.50205135345459,10.899174931537676,12.408258521468357
562,777,0,0.3000030517578125,True,1,1,[15  2],[0.77018636 0.00171821],146,33.957405,139,38.88501739501953,40.91253625341209,48.715065996910965
563,777,3,0.29998779296875,True,1,1,[12  6],[0.82758623 0.00143472],52,13.363532,54,11.388834953308105,16.100641043789416,13.704312104215328
564,777,4,0.3000030517578125,True,1,1,[10  7],[6.8367344e-01 2.7270248e-04],76,19.782822,89,24.079565048217773,23.834724885871612,47.592880103788296
565,778,8,0.5999984741210938,True,0,1,[36  0],[0.03703704 0.00078003],3,1.071928,-1,-1.0,1.2914795473397498,-1.0
566,779,4,0.4242468053627785,True,1,1,[10  0],[0.76969695 0.00091743],140,28.810047,152,31.29227066040039,34.71090018031109,36.56689388824547
567,780,3,0.29998779296875,True,1,1,[14],[0.8341014],197,39.9478,201,42.02557373046875,48.12987913568336,49.987294950621894
568,784,8,0.4242575950931961,True,1,1,[27  0],[8.5624999e-01 4.2122998e-04],148,36.42884,149,38.519222259521484,43.89016944241811,44.515457896551354
569,785,8,0.3000030517578125,True,1,1,[15  7],[8.7704921e-01 4.4355734e-04],232,44.47725,226,43.49315643310547,53.587047163262426,50.99858808506317
570,786,4,0.600006103515625,True,1,1,[19  2],[0.24705882 0.00142207],39,13.031851,-1,-1.0,15.701025078095586,-1.0
571,786,5,0.600006103515625,True,1,1,[18],[0.77272725],116,26.73343,118,28.440025329589844,32.2089528462973,32.97799669754642
572,786,6,0.29999542236328125,True,0,1,[12],[0.78723407],158,30.204426,178,40.15721893310547,36.39087447200913,48.012251913975405
573,788,10,0.29998779296875,True,1,1,[11  7],[0.75409836 0.00301659],107,20.590874,107,19.73467254638672,24.808281588267132,44.92144911033431
574,789,4,0.29998779296875,True,1,1,[30  6],[8.4112149e-01 2.8968713e-04],98,31.897203,99,29.51472282409668,38.43036559690913,32.886007412618156
575,790,7,0.4243007545635366,True,0,1,[12],[0.8487805],184,46.85752,195,44.871524810791016,56.45484464714327,51.34958661522156
576,792,5,0.29998779296875,True,1,1,[33],[0.84313726],141,22.842327,141,26.32000732421875,27.520876045686656,33.72574965593897
577,795,7,3.0298611509212363,False,0,1,[16],[0.7894737],85,27.76703,85,28.79534339904785,33.45425387462938,51.42619152884911
578,795,8,0.300018310546875,True,1,1,[12 11],[0.73846155 0.00692841],59,19.487137,54,13.343633651733398,23.478478121470257,16.84004179666825
579,796,1,0.3000030517578125,True,1,1,[25],[0.78571427],85,17.826824,90,18.001209259033203,21.478101431605328,28.658947553153393
580,796,8,1.7233225760057118,True,0,0,[],[],1,0.6365716,-1,-1.0,0.766953718231385,-1.0
581,798,9,0.9949745552372941,True,1,1,[16],[0.32214764],51,11.5859585,-1,-1.0,13.958986121487905,-1.0
582,799,11,0.2999267578125,True,0,1,[38  2],[0.71794873 0.00138504],63,20.354559,71,23.31790542602539,24.523564993617047,42.842354189257755
583,800,7,0.3000030517578125,True,1,1,[17  8],[0.8240741 0.0027933],95,23.89938,102,18.670347213745117,28.79443340990917,25.083673428235
584,800,8,0.29998779296875,True,0,1,[30  3],[8.1132078e-01 3.5523978e-04],48,17.895153,48,16.624435424804688,21.560425356209997,23.515182078608788
585,801,9,0.3000030517578125,True,1,1,[10  9],[0.79       0.00187266],90,21.695715,89,18.753276824951172,26.139415603086174,26.24440247893071
586,804,18,0.4242575950931961,True,1,1,[41],[0.11180124],19,8.194415,-1,-1.0,9.872789268034051,-1.0
587,806,0,0.29998779296875,True,1,1,[4],[0.32142857],64,16.799011,-1,-1.0,20.23977256682982,-1.0
588,807,0,0.29998779296875,True,1,1,[24  0],[0.8396226  0.00847458],103,23.621696,92,25.174652099609375,28.459875267672253,29.15727044357247
589,808,10,2.7166111603332905,True,1,1,[15 14],[0.8181818  0.00775194],215,43.352177,205,46.313297271728516,52.2315381521202,54.33296291419517
590,810,3,0.3000030517578125,True,1,1,[10  6],[8.3950615e-01 2.6574542e-04],75,14.868205,74,13.606134414672852,17.913500084934466,14.470579789720322
591,810,4,0.3000030517578125,True,0,1,[13  2],[8.4615386e-01 8.1766146e-04],153,33.270008,159,36.428550720214844,40.08434709296169,43.379203536338956
592,811,11,0.4242575950931961,True,1,1,[26 25],[0.81560284 0.02140673],135,22.355015,121,25.327468872070312,26.93375277231975,31.679174896704772
593,812,4,0.7348294842827975,True,1,1,[16 15],[0.6707317  0.00546448],61,16.08674,76,22.73662757873535,19.38161505274026,28.166529268180255
594,813,11,0.29998779296875,True,1,1,[19],[0.8333333],148,37.089127,149,31.65789031982422,44.68569468302899,34.34768582486282
595,814,8,0.3000030517578125,True,1,1,[12  5],[0.7131783  0.00684932],114,25.762745,107,29.399675369262695,31.039451691041513,36.75707929081751
596,814,9,0.4242575950931961,True,0,1,[11  9],[0.6875     0.00123916],37,9.822958,44,8.56313705444336,11.834889147655074,29.47636620961038
597,817,7,0.29998779296875,True,0,1,[17  9],[0.7832168  0.00959693],133,22.850323,122,25.69709587097168,27.53050930528756,38.35249058476515
598,818,12,0.29999542236328125,True,1,1,[17  8],[0.597561  0.0031348],59,17.619368,72,14.914155960083008,21.228153734322056,52.05987551959683
599,821,4,0.8999786378246659,True,1,1,[17],[0.8333333],117,33.585293,125,39.46171569824219,40.464208212243506,46.04846008957526
600,822,2,0.5999755859375,True,0,1,[7 8],[0.60330576 0.29532164],337,77.386024,245,68.260986328125,93.23617406638273,482.17080452331305
601,823,6,0.29998779296875,True,1,1,[43  1],[8.1443298e-01 2.7708506e-04],176,39.429695,176,39.288368225097656,47.50565678240305,49.49814163771692
602,824,6,1.529703460128878,True,1,1,[19],[0.852459],170,30.348461,169,41.61760711669922,36.56441102544946,45.61667922758719
603,824,7,241.88299549603016,False,1,0,[],[],70,12.842099,-1,-1.0,15.472408662359399,-1.0
604,825,5,0.3000030517578125,True,1,1,[8],[0.65217394],18,5.3420296,20,3.6987180709838867,6.43618020666651,5.0531185225210224
605,827,10,3.4467248384383975,False,1,1,[20],[0.45962733],84,21.912704,-1,-1.0,26.40084875635354,-1.0
606,831,9,0.5999755859375,True,1,1,[26 25],[0.9029126  0.00909091],100,20.864138,96,23.32492446899414,25.13751524040498,46.40537423770241
607,832,3,0.4242468053627785,True,1,1,[23  1],[9.0909094e-01 4.7801147e-04],81,17.45232,87,20.819536209106445,21.02689168539392,32.274359956628764
608,833,11,0.29998779296875,True,1,1,[50  3],[0.77272725 0.00429646],96,18.445127,99,19.082622528076172,22.223045165280265,23.629671271073356
609,833,12,1.1225331039322337,True,0,1,[51  1],[0.82954544 0.0017094 ],77,18.65813,84,20.705778121948242,22.479675476809582,40.73286727412554
610,834,8,1.3747367489197297,True,1,1,[18],[0.88349515],95,20.7061,99,23.634374618530273,24.94710899261107,28.749936430903873
611,835,6,0.29998779296875,True,1,1,[14],[0.22929937],38,8.985181,-1,-1.0,10.825519102165499,-1.0
612,836,9,0.29998779296875,True,0,1,[15  8],[8.4251970e-01 3.7835792e-04],121,27.78964,113,24.065067291259766,33.48149448992258,29.972040111430847
613,837,0,1.08164676185443,True,1,1,[24],[0.8518519],95,28.997095,105,37.317073822021484,34.93625916630389,45.153839032457874
614,837,8,0.300048828125,True,1,1,[12 10],[7.2549021e-01 5.3580996e-04],96,23.11145,80,21.72764778137207,27.84512071724398,57.379698127335715
615,838,2,0.4242468053627785,True,0,1,[34  2],[8.2978725e-01 3.5285816e-04],45,15.983052,41,13.442919731140137,19.256689462317045,35.089196219540305
616,838,3,0.3000030517578125,True,1,1,[21],[0.8108108],63,14.635829,71,15.589341163635254,17.633528881762402,20.348380579386863
617,838,4,0.7348107952878842,True,1,1,[37],[0.8645833],178,30.26118,180,33.85676193237305,36.45925406950066,40.64729506923311
618,840,11,1.3747600556372048,True,1,1,[21 20],[0.537037 0.012   ],106,24.24003,143,36.53196716308594,29.204855769513603,45.37101424711198
619,841,3,0.29998779296875,True,1,1,[48],[0.7685185],98,26.577583,93,32.37997055053711,32.02118471444371,41.50094337754099
620,842,11,0.29998779296875,True,0,1,[28  2],[0.7118644  0.00353826],58,13.689561,43,10.97064208984375,16.493446855659947,11.939873798796372
621,842,12,0.42421444001344266,True,0,1,[29  1],[0.72727275 0.00101368],57,14.304567,57,15.322295188903809,17.234418478356787,16.877032339812956
622,843,0,0.29998779296875,True,1,1,[17],[0.7647059],40,14.062473,50,20.147781372070312,16.942738912191736,27.167148448257
623,843,10,0.6708135693901118,True,1,1,[27  0],[0.484375   0.00086555],148,30.231808,-1,-1.0,36.423864709325585,-1.0
624,844,8,1.2727727849137247,True,0,1,[40],[0.50526315],51,25.623835,92,35.729896545410156,30.87208989154862,46.276393808178874
625,845,2,0.4242468053627785,True,1,1,[8 4],[8.7209302e-01 8.1967213e-04],80,21.553402,81,29.169374465942383,25.967954153037937,30.85472111259402
626,846,3,0.29998779296875,True,1,1,[8],[0.7552083],159,30.826096,178,35.13466262817383,37.139874194041795,48.02761942338504
627,851,3,0.8485583485592534,True,1,1,[9],[0.8235294],151,35.481216,159,36.30548858642578,42.748453530920564,46.78570450355624
628,851,4,0.3000030517578125,True,1,1,[14],[0.78688526],107,23.191622,111,27.366291046142578,27.941712988428325,40.287777051309476
629,853,6,0.5999908447265625,True,1,1,[32],[0.79856116],127,36.053135,123,31.041379928588867,43.43751194965409,41.7997896700032
630,853,7,0.29998779296875,True,1,1,[42  2],[0.8425197  0.00091241],119,33.597553,115,39.519775390625,40.478979823101,49.08765013992113
631,854,7,1.5297169263208052,True,1,1,[16],[0.76],149,27.98674,159,31.639127731323242,33.71896399072854,43.02083309216992
632,857,5,0.9950113609915262,True,0,1,[13],[0.77124184],134,28.118422,137,37.49833297729492,33.87761633080173,48.754598041713315
633,858,3,0.29998779296875,True,0,1,[17],[0.8455285],109,24.372644,118,25.96238136291504,29.364631836672867,36.33812305823352
634,859,5,0.9486929485560686,True,1,1,[9],[0.675],33,11.455821,34,13.25325870513916,13.802194020834316,17.867410318894972
635,860,0,0.29998779296875,True,1,1,[14  1],[0.8186813  0.00406504],168,32.447327,163,38.77095031738281,39.09316465079067,47.39596738686343
636,861,8,0.42421444001344266,True,0,1,[12 11],[0.7708333  0.00134168],45,17.059385,40,13.795574188232422,20.553476264677855,23.24338484796053
637,863,3,0.2999267578125,True,1,1,[17 16],[0.84615386 0.00185529],171,30.528717,165,33.9109001159668,36.78158679640437,41.21082550610911
638,865,7,9.918128968103856,False,1,1,[ 5 18  9  6],[7.2247165e-01 3.7537538e-03 9.7370986e-04 2.4660912e-04],3993,881.2034,4063,1236.921875,1061.690879729857,1619.6230195791281
639,870,8,0.29998779296875,True,1,1,[36  3],[0.80508476 0.00145985],103,22.345484,110,18.31215476989746,26.922269614346057,19.562230189336216
640,872,9,0.4242575950931961,True,0,1,[26 25 24],[0.7027027  0.08333334 0.02439024],68,21.625141,58,14.85584831237793,26.054386920239555,17.883498180308187
641,873,0,0.3000030517578125,True,0,1,[17 11],[7.5294119e-01 4.2716786e-04],151,26.10904,147,37.646453857421875,31.45667386342244,46.72275010421335
642,873,7,27.359238559866505,False,1,1,[37],[0.8666667],15,2.399911,13,3.7457711696624756,2.8914589479745154,4.473006139818005
643,873,9,0.29998779296875,True,0,1,[29],[0.4789916],61,15.094794,-1,-1.0,18.18649912454996,-1.0
644,874,7,0.9949791559140273,True,1,1,[13 12],[0.8888889  0.00426439],201,36.41455,207,40.84607696533203,43.87295274849398,50.23795250061107
645,875,0,inf,False,1,1,[9 8],[0.8638743  0.02392345],185,46.663033,171,36.992637634277344,56.220521122576244,50.10930885903724
646,876,7,3.7229135304142873,False,1,1,[31],[0.6979167],82,18.137613,81,20.00914764404297,21.852546140372038,38.89909430876058
647,877,8,0.5196469588603868,True,0,1,[17],[0.23489933],144,25.19961,-1,-1.0,30.36097561020449,-1.0
648,877,10,0.300048828125,True,1,1,[43],[0.8880597],125,30.602367,128,33.380455017089844,36.87032217002777,36.083753287480896
649,879,4,0.300048828125,True,0,1,[14  8],[7.6999998e-01 3.0048078e-04],171,32.3993,183,37.674842834472656,39.03530074889402,46.32332583265434
650,879,7,1.2369109636042364,True,1,1,[30  1],[0.26153848 0.00599187],54,13.641026,-1,-1.0,16.434970533991436,-1.0
651,880,5,0.4242575950931961,True,1,1,[8],[0.7352941],103,26.175735,133,31.25061798095703,31.537030691123874,38.97206191279388
652,881,0,0.29998779296875,True,1,1,[53],[0.8789809],147,28.006397,148,32.174835205078125,33.74264728592103,42.57462336126173
653,885,0,0.29998779296875,True,1,1,[11],[0.8495575],211,30.974445,207,43.03752136230469,37.31860884700913,49.87417785721175
654,885,7,0.3000030517578125,True,1,1,[15],[0.78651685],78,15.514335,81,15.72844123840332,18.69196949234928,20.936608799242652
655,886,5,0.29998779296875,True,1,1,[30],[0.81],182,37.026516,180,41.463844299316406,44.610260193606464,48.20992773002186
656,888,2,0.3000030517578125,True,1,1,[26  2],[0.74358976 0.00109449],102,26.011673,102,29.747100830078125,31.33936502847327,35.60085819375185
657,889,3,0.29998779296875,True,1,1,[7],[0.85],55,10.850769,56,10.004114151000977,13.073215714420181,11.2948032572038
658,890,10,0.5195985039426564,True,1,1,[45],[0.8352941],149,34.17699,163,37.98055648803711,41.17709699883519,44.292563100770145
659,891,3,2.9546455659530744,True,1,1,[12],[0.73309606],447,104.41478,527,155.4678955078125,125.8009393531156,193.1002042658619
660,892,6,0.29998779296875,True,1,1,[10],[0.83505154],88,19.530224,90,22.203264236450195,23.530390176428373,40.15804820411988
661,892,7,0.5196117185536361,True,0,1,[16],[0.8333333],134,29.99935,141,37.383995056152344,36.14379469170628,42.92421860829627
662,895,9,0.6708238052536049,True,1,1,[29],[0.84166664],110,21.834517,111,26.086503982543945,26.30664641598621,28.97419666612995
663,895,10,0.5999984741210938,True,1,1,[33 32],[0.88659793 0.00123762],179,42.15649,187,39.43178939819336,50.79095219991294,46.8535548017979
664,896,16,0.5999755859375,True,1,1,[43  1],[0.7794872  0.00080451],169,31.549095,178,35.764095306396484,38.01095801663686,45.37344336516828
665,899,2,0.29998779296875,True,1,1,[18],[0.8360656],162,39.60717,174,40.256248474121094,47.71948205419334,46.38934874442804
666,899,4,0.300018310546875,True,1,1,[17  2],[8.4102565e-01 7.6335878e-04],182,40.002678,177,33.860252380371094,48.19599749094033,38.81576735686632
667,902,0,0.5196161237226826,True,1,1,[25 13  5 14],[0.41304347 0.11176471 0.10245901 0.05263158],168,56.002853,-1,-1.0,67.47331734163215,-1.0
668,902,4,0.2999267578125,True,0,1,[30  2],[0.7105263  0.00207039],98,21.281246,97,22.439584732055664,25.640055644943057,28.414773171196405
669,903,6,0.29999542236328125,True,1,1,[31  1],[0.8896552  0.00258398],135,34.54112,139,40.221923828125,41.61580556846527,47.8904581290406
670,904,3,0.5196029088876658,True,0,1,[9 1],[0.91847825 0.00251256],177,42.182014,176,46.484169006347656,50.82170417509884,50.282064517072776
671,906,9,0.29998779296875,True,1,1,[37  0],[0.78846157 0.00124069],179,34.531,193,38.48443603515625,41.60361232527767,45.535750330631245
672,907,7,1.7748187765626635,True,1,1,[16],[0.8214286],51,13.238699,51,18.45317840576172,15.950239710060949,25.8296356452176
673,907,8,0.2999267578125,True,0,1,[24  2],[0.6958763 0.008    ],166,33.53708,163,30.35450553894043,40.40611910532756,34.828355284822166
674,908,8,2.0124520812957534,True,1,1,[19],[0.5686275],63,9.26294,97,24.97450065612793,11.160169164818454,37.93833495881264
675,908,9,0.29998779296875,True,0,1,[12],[0.8082192],127,24.329184,137,31.90675926208496,29.31226937167616,48.855871425558156
676,909,6,0.29998779296875,True,0,1,[17  2],[0.875      0.00378072],171,49.78795,174,46.16730880737305,59.98548025108246,51.58761149868914
677,910,13,0.29998779296875,True,1,1,[13],[0.6330275],80,14.914082,98,23.04580307006836,17.96877298010401,27.469078845184747
678,913,8,0.29998779296875,True,1,1,[31  0],[0.68421054 0.03496503],84,26.346739,76,27.539697647094727,31.743058813623637,42.293711027122335
679,914,1,1.469755517022495,True,0,1,[17],[0.7258065],53,13.9936,54,15.841764450073242,16.85975890561759,22.74604837941
680,914,2,0.3000030517578125,True,1,1,[14 13],[0.8551724  0.00182149],134,28.343569,135,28.45513153076172,34.14887807455408,35.56572310273757
681,918,2,2.7331201921463175,True,1,1,[25],[0.29192546],118,24.059385,-1,-1.0,28.98721120443689,-1.0
682,918,8,1.3076724844843381,True,1,1,[27],[0.8979592],134,25.938065,145,36.82038879394531,31.25068021107869,47.078232903554174
683,922,8,0.29998779296875,True,1,1,[7],[0.5],44,13.334278,-1,-1.0,16.065395309264403,-1.0
684,925,7,0.6708340428264503,True,0,1,[21],[0.81914896],83,24.178743,88,28.623416900634766,29.13101609930935,35.9292825760579
685,925,8,1.6155630432309365,True,1,1,[15],[0.80246913],143,25.410282,149,30.55022621154785,30.614797753023815,35.10835259338434
686,927,1,0.300048828125,True,1,1,[18  1],[0.6687898  0.00225225],122,26.506758,140,31.623573303222656,31.935852694224167,41.31359572528607
687,928,1,1.3747833637378204,True,1,1,[9],[0.65745854],149,27.838968,151,30.555633544921875,33.5409256349127,35.78225280715469
688,928,2,0.3000030517578125,True,0,1,[10],[0.86764705],186,37.850395,195,42.921966552734375,45.6028857863093,48.10209295330645
689,929,6,0.3000030517578125,True,1,1,[43],[0.8466667],135,36.170486,142,37.652061462402344,43.578899337584716,43.023794863296736
690,930,1,0.4242683850979975,True,1,1,[20 17],[0.8        0.01290323],94,24.409912,95,25.917011260986328,29.409532661897593,32.501021365200096
691,930,9,0.300048828125,True,1,1,[30],[0.7387387],94,31.044905,99,29.756628036499023,37.4034996492317,34.30073006590099
692,931,11,0.9949791587220939,True,0,1,[10  9],[0.8015873  0.00146735],117,25.08858,110,24.432270050048828,30.22720382874271,44.76252261894778
693,931,12,0.4243007545635366,True,1,1,[19],[0.8681319],166,36.73534,174,35.6786003112793,44.25944592579302,39.98589343048586
694,932,7,1.2369257686198998,True,1,1,[12],[0.84],136,43.497715,140,37.897247314453125,52.4068855377565,46.902682184760444
695,934,1,0.29998779296875,True,1,1,[29  4],[7.8421050e-01 6.4412237e-04],172,35.435074,167,38.44676208496094,42.69286006330008,43.2926615068876
696,934,5,0.3000030517578125,True,1,1,[13 11],[8.469388e-01 7.930214e-04],93,21.137974,88,24.05023765563965,25.467438295663122,33.2306007349179
697,936,4,0.29998779296875,True,1,1,[17 13],[6.086956e-01 1.520219e-04],127,24.868433,132,30.100204467773438,29.961967468261722,39.83564234721168
698,940,2,0.3000030517578125,True,1,1,[8 7],[0.49074075 0.37878788],196,36.866787,-1,-1.0,44.417815610586885,-1.0
699,940,3,2.5980867833969796,True,1,0,[],[],6,2.0231538,-1,-1.0,2.437534676976951,-1.0
700,941,9,0.3000030517578125,True,0,1,[31],[0.7531645],127,26.60796,150,30.83334732055664,32.05778282808971,34.9988840360962
701,941,10,0.300048828125,True,1,1,[29],[0.8465116],192,33.93219,205,41.22588348388672,40.882156555911145,44.90385193996121
702,942,2,0.6708272171878565,True,1,1,[14],[0.8502994],152,33.47039,157,36.210731506347656,40.325771469667735,47.730110927500895
703,943,5,inf,False,1,1,[6],[0.83507305],426,123.42369,453,134.28857421875,148.70324192276922,162.2347012308643
704,943,6,0.5196381493437988,True,1,1,[16  2],[0.7294118  0.00461894],77,16.715994,70,17.11511993408203,20.139751664127214,20.30262583612228
705,944,10,0.2999267578125,True,0,1,[23],[0.76642334],111,32.02494,131,40.3436279296875,38.58426565147308,43.88387746571138
706,945,5,0.29999542236328125,True,1,1,[13],[0.6818182],52,13.648928,59,10.663656234741211,16.44449119108269,51.934849230075606
707,946,7,0.4242468053627785,True,1,1,[47  0],[0.82733816 0.00250627],133,31.152958,121,25.93092918395996,37.53368423645755,39.08769867901307
708,947,4,0.4242791742796267,True,1,1,[20 19],[0.7338129  0.06153846],124,22.820984,117,21.829116821289062,27.4951613092997,26.055935318583664
709,949,0,1.2368813568060792,True,1,1,[33  1],[7.2649574e-01 4.8709207e-04],96,17.922014,106,21.780916213989258,21.592788236686985,27.931604081212917
710,950,2,0.9487122496162614,True,0,1,[25],[0.7950311],138,34.821198,151,32.71849060058594,41.95325001176582,42.29619951586195
711,952,9,0.3000030517578125,True,1,1,[22],[0.9358974],148,31.704891,154,33.48759841918945,38.19866410220963,47.591076753996695
712,953,5,0.4243007545635366,True,0,1,[15  8],[7.790698e-01 6.918819e-04],153,34.91266,153,34.81425094604492,42.06344420651356,38.761026841408366
713,954,0,0.4242468053627785,True,1,1,[46],[0.85470086],103,27.704323,114,39.64839553833008,33.3787021866764,51.69004492991635
714,954,8,0.5999984741210938,True,1,1,[43],[0.80246913],147,25.916252,145,25.680278778076172,31.224400164133097,39.81534151801997
715,955,6,0.3000030517578125,True,0,1,[27  2],[8.3333331e-01 2.3057414e-04],117,33.97975,114,39.30010986328125,40.93945974326996,50.00662283684773
716,955,9,0.29998779296875,True,1,1,[15],[0.89017344],160,34.628086,167,42.24221420288086,41.72058565070831,47.226417154808225
717,955,10,1.1999969482421875,True,0,1,[18],[0.88095236],78,19.192266,80,21.519245147705078,23.12321260751012,27.640737924079083
718,956,3,0.4242468053627785,True,0,1,[30  9],[8.4946239e-01 8.3728717e-04],86,19.375896,86,22.846702575683594,23.344453558864366,26.245537579057565
719,956,11,0.4242575950931961,True,0,1,[51],[0.76865673],120,34.389496,117,35.872711181640625,41.43312752964985,41.42282104683274
720,956,12,0.2999267578125,True,1,1,[47  3],[8.8461536e-01 4.7029316e-04],100,23.949291,96,26.531187057495117,28.854567746081987,30.165281552805936
721,960,15,0.2999267578125,True,1,1,[29  5],[0.88148147 0.00196078],127,29.02686,127,29.35223388671875,34.97211961861117,44.48290754209621
722,961,5,4.102414197594746,False,0,1,[21],[0.06875],15,3.6520844,-1,-1.0,4.400101627211973,-1.0
723,962,9,0.9950067611656987,True,1,1,[25],[0.57377046],36,9.826165,60,15.624761581420898,11.83875325214432,31.19023019124575
724,963,4,0.6708067459294424,True,0,1,[24  1],[7.7380955e-01 6.6401064e-04],73,16.3601,76,14.75943374633789,19.710963605398156,28.304019830248215
725,963,5,0.29998779296875,True,1,1,[21  8],[0.754717   0.00362319],49,14.585162,44,14.984071731567383,17.5724845334708,16.379677616650802
726,964,4,3.923032619960967,False,0,1,[6],[0.525369],3018,675.8545,3596,1041.9586181640625,814.2825207078314,2895.1138995916403
727,972,4,0.4242036491853643,True,0,1,[12  7],[0.8731343  0.00137363],129,28.444508,122,24.420547485351562,34.270491082984286,28.307908483704754
728,975,8,1.9209305989516503,True,1,1,[20],[0.68085104],68,14.262965,90,29.082763671875,17.184295424495836,50.39618358724955
729,978,0,0.29998779296875,True,1,1,[12],[0.60655737],151,35.05263,143,32.83238983154297,42.2320859977998,43.72389352925391
730,979,2,0.3000030517578125,True,0,1,[12],[0.7432432],126,23.538511,132,28.030094146728516,28.35965214005436,42.417599098109754
731,981,7,7.88599585783555,False,0,1,[35],[0.09302326],12,4.1848125,-1,-1.0,5.041942826236587,-1.0
732,983,9,1.3747900236427266,True,1,1,[14],[0.58125],103,21.531233,150,32.49665832519531,25.941244378147356,42.97294371676331
733,987,3,0.29999542236328125,True,0,1,[29  3],[7.9646015e-01 4.1118421e-04],99,30.672504,104,37.25154113769531,36.954824608492565,51.71163366117508
734,989,4,0.5999908447265625,True,1,1,[12],[0.7826087],42,12.000831,40,10.015335083007812,14.458832108830832,11.546923340048725
735,991,3,0.29999542236328125,True,1,1,[13  1],[0.8738739  0.00087835],103,20.959936,105,20.39260482788086,25.252935110804547,24.990977519079387
736,995,5,0.3000030517578125,True,0,1,[34  1],[8.010204e-01 6.225358e-04],180,38.011368,173,34.28306579589844,45.79682867211032,44.132978978471854
737,996,9,51.91127330967633,False,1,1,[26],[0.5192308],67,18.77494,91,27.283138275146484,22.620410229786334,31.184626413971177
738,998,10,0.29998779296875,True,1,1,[32],[0.7889447],171,36.853714,185,37.30071258544922,44.40206504729857,38.81608543104567
739,999,2,0.4242468053627785,True,1,1,[11],[0.8043478],121,29.22467,128,30.460065841674805,35.21044627729669,37.82674588480402
