,index,id,attach_dist,is_attached,is_contained,is_matched,match_ids,match_overlaps,ke
0,0,15,2.0347286950069474,True,1,1,[ 3 19],[8.5714287e-01 5.2047189e-04],47.7240320081949
1,2,23,0.30001831209898455,True,0,0,[],[],28.32669708995055
2,3,15,0.6707999215750157,True,1,1,[7],[0.675],36.31029889143893
3,4,32,0.4242683850979975,True,1,1,[ 2 32],[0.87234044 0.00251678],33.07641422208306
4,4,36,0.5999755859375,True,1,1,[10 28],[8.5714287e-01 3.4464931e-04],34.24502474992884
5,7,16,0.30004882890097584,True,1,1,[3],[0.7173913],46.18348711015913
6,7,22,0.848504400387376,True,1,1,[4],[0.9325153],44.95873590213849
7,8,15,0.42424680563718314,True,1,1,[ 4 16],[0.8795181  0.00100604],31.089982763284794
8,10,9,inf,False,0,1,[1],[0.5185185],33.523868197361075
9,10,17,0.300018310546875,True,1,1,[ 4 25],[6.8571430e-01 2.9044438e-04],42.06196661523572
10,12,26,1.2369146655335876,True,1,1,[ 0 19],[0.8453608  0.00495049],37.01627503901358
11,14,12,1.236929467493218,True,1,1,[ 2 19],[0.8341014  0.00465116],46.411969668384515
12,17,14,1.236925768078729,True,1,1,[ 8 41 43],[0.3586207  0.07894737 0.01604278],33.13123893452844
13,18,13,0.300003053310001,True,1,1,[1],[0.59183675],31.712316999864036
14,18,22,0.3000488285129879,True,1,1,[5],[0.76623374],21.010293636872586
15,25,13,2.716525222955789,True,1,1,[ 4 38],[0.7244898  0.02061856],46.443493644160085
16,25,24,0.4241281430310577,True,1,1,[9],[0.7096774],44.28109671844481
17,26,29,inf,False,1,1,[ 1 35],[0.45054945 0.03544576],39.61411383646671
18,27,31,0.5195764839228011,True,1,1,[ 4 37],[0.54260087 0.00597461],46.7959079310701
19,27,39,2.4372072025962117,True,1,1,[7],[0.82857144],32.142956524911384
20,31,46,0.6708476909452035,True,1,1,[7],[0.79569894],18.182640045996198
21,31,47,0.4242791742796267,True,1,1,[ 6 50],[0.8125     0.00126904],39.00575629980101
22,33,10,0.4242683850979975,True,1,1,[5],[0.79130435],25.54861148274268
23,33,31,0.2999267597532292,True,1,1,[ 7 34],[0.7755102  0.00135044],35.479246559832
24,33,33,0.29998779335681686,True,1,1,[ 9 32],[7.7083331e-01 2.7578598e-04],25.032533409987025
25,34,24,0.7348170218371167,True,1,1,[ 7 17],[0.8        0.00219058],30.99969552709623
26,35,30,0.2999267578125,True,1,1,[6],[0.86206895],37.23150436773593
27,37,10,6.242719982723237,False,0,1,[3],[0.8484849],50.09176470158217
28,38,8,1.272815949140218,True,0,1,[7],[0.8518519],22.068783860379376
29,38,27,5.580364571770764,False,0,1,[0],[0.6857143],22.08267324489856
30,43,24,0.4243115434708169,True,1,1,[ 8 12],[0.5761905  0.06338028],39.21337359717821
31,43,39,1.5297363775270882,True,1,1,[16],[0.88554215],44.96913890769664
32,44,29,0.424252200193688,True,1,1,[7],[0.75842696],39.1680974467889
33,46,40,0.29998779917781976,True,1,1,[0],[0.768],35.517939211803665
34,48,17,0.8999862673485484,True,1,1,[3],[0.69008267],43.02070211907837
35,48,33,0.4242468053627785,True,1,1,[ 5 28],[8.4090906e-01 4.3084877e-04],40.15747441724257
36,48,35,0.300018310546875,True,1,1,[ 8 31],[8.6792451e-01 6.2227756e-04],11.723858631524658
37,50,29,0.29998779917781976,True,1,1,[6],[0.9220779],20.22785996996573
38,51,30,0.5195764834746849,True,1,1,[7],[0.8243243],52.28392058474391
39,52,17,0.5196293405740002,True,1,1,[6],[0.8442623],46.42195480741245
40,56,20,0.424289965930668,True,1,1,[ 4 11],[0.88461536 0.00224719],21.50996221798562
41,57,17,0.42426838564677904,True,1,1,[ 7 15 30],[0.6956522  0.03529412 0.00581395],23.39605463510074
42,60,12,0.734823251343688,True,1,1,[26  5  6],[0.01522843 0.01284162 0.01270417],38.95560607936153
43,60,16,1.4070967506671619,True,1,1,[ 9 28],[0.8        0.00917431],41.130467277623545
44,62,17,0.29998779917781976,True,1,1,[ 4 16],[8.3870965e-01 5.4397096e-04],39.849410764489924
45,63,26,0.29999542236328125,True,1,1,[4],[0.71153843],25.756578299382287
46,70,30,0.8485151907351877,True,1,1,[11],[0.8],46.28440499561259
47,70,33,0.3000030765928275,True,1,1,[10],[0.76978415],34.651053807390774
48,72,39,0.9487074253083467,True,1,1,[11 24],[7.4509805e-01 3.3944330e-04],28.69967856201704
49,74,28,0.6707794524339666,True,1,1,[4],[0.78488374],41.48843856570401
50,75,28,1.3747467366056279,True,1,1,[ 4 37],[0.73333335 0.00502124],49.593084655469724
51,76,20,0.42428996599926216,True,1,1,[12 15],[0.7692308  0.00309598],16.67103661404554
52,77,10,0.2999877945210174,True,0,1,[ 4 13],[0.67741936 0.01875   ],7.636578244823209
53,79,20,0.899988810508803,True,1,1,[6],[0.9133858],38.429337487034154
54,80,23,27.421710235884063,False,0,1,[11 34],[8.450704e-01 4.892368e-04],46.66434546059868
55,82,8,inf,False,1,1,[1],[0.83229816],44.7152007936046
56,84,25,0.7348543998270279,True,1,1,[6],[0.5],25.888695154290062
57,85,16,0.29992675936508334,True,1,1,[1],[0.7925926],38.74961970881493
58,86,10,0.4242036491853643,True,1,1,[ 7 25],[9.122807e-01 3.113325e-04],37.93724039797604
59,86,27,0.2999878007300872,True,1,1,[ 5 22 20],[0.6203704  0.05940594 0.00377786],46.94110095828454
60,86,28,0.4242468064603973,True,1,1,[ 6 21],[0.75409836 0.02024291],47.94850232086234
61,89,11,0.4243007548379064,True,1,1,[1],[0.86619717],42.58400352934293
62,91,25,82.47490171095517,False,0,1,[7],[0.5277778],31.171519749594403
63,94,29,0.29992675820064585,True,1,1,[ 1 28],[0.6150235  0.21649484],48.403268960419084
64,95,7,0.29998779296875,True,0,1,[30],[0.13333334],0.6248698065733935
65,95,8,0.600006103515625,True,0,1,[0],[0.8],35.583485036606774
66,99,25,1.2369331681436813,True,1,1,[10 29],[0.70183486 0.0041841 ],46.1176045266978
67,99,36,0.9000040706775915,True,1,1,[9],[0.79710144],30.927919154514726
68,100,36,0.899993896484375,True,1,1,[0],[0.7923077],37.72407233624227
69,100,54,0.848461243798203,True,1,1,[ 1 55],[0.75376886 0.00095147],47.09401204268015
70,100,63,0.600006103515625,True,1,1,[17],[0.84210527],44.41787940213696
71,103,32,1.8493603425543519,True,1,1,[11 42],[0.7380952  0.00079491],19.244299246389634
72,104,17,1.5297363782120024,True,1,1,[ 0 16],[0.53896105 0.01775148],31.019678278779864
73,106,11,0.600219726950409,True,0,1,[11 45],[0.86440676 0.00617284],51.01547114024656
74,106,15,0.7348481709013527,True,1,1,[6],[0.7753623],45.54034374405664
75,106,30,inf,False,1,1,[0],[0.8057554],45.1569293737373
76,109,24,0.4242791745540105,True,1,1,[ 2 21],[0.64204544 0.00388802],31.650775238865826
77,111,12,6.873958107116003,False,1,1,[ 6 38],[0.6140036  0.08306551],609.9429577414888
78,113,45,0.7348730873961772,True,1,1,[10 52],[8.803419e-01 3.108486e-04],42.3554055900607
79,115,10,0.2999878178050282,True,0,1,[5],[0.7173913],20.28797703692244
80,115,12,0.5926914319404314,True,1,1,[ 4 20],[0.8487395 0.032    ],30.397050911948078
81,117,18,0.2999267582976823,True,1,1,[ 3 19],[0.5362319  0.00334821],44.01517456647509
82,120,16,0.6708067565157024,True,1,1,[6],[0.7196262],26.609588163296856
83,122,15,0.33582577538647845,True,1,1,[11 39],[7.1641791e-01 5.9737155e-04],41.884597865194856
84,124,14,46.07518397278726,False,0,1,[ 5 66],[0.52380955 0.06859206],34.083700910491594
85,124,15,14.978962542935959,False,0,1,[11],[0.8181818],38.350579001309775
86,124,60,0.3000183109349024,True,1,1,[12 49],[8.4848487e-01 2.2836264e-04],24.682457928283434
87,125,15,2.163293523722314,True,1,1,[ 8 32],[0.27731094 0.02173913],15.938351311013603
88,126,22,1.6155517089390865,True,1,1,[13],[0.7627119],19.92421486715089
89,126,26,1.2727871720542923,True,1,1,[12],[0.9052632],28.224026455374833
90,128,8,34.13547808744566,False,0,1,[ 9  1 26],[0.60169494 0.22413793 0.00838574],44.32370663089881
91,129,9,1.2728159440183007,True,1,1,[4 3],[0.75       0.13483146],36.65696595435503
92,133,37,0.29992675820064585,True,1,1,[ 2 31],[0.71428573 0.00137552],25.45480313080233
93,135,12,0.67082040449544,True,1,1,[ 6 33],[0.8125     0.00182815],48.29932310182504
94,135,16,0.300048828125,True,1,1,[ 0 26],[7.2549021e-01 4.3763677e-04],36.769796154326535
95,139,33,0.4242791742796267,True,0,1,[ 7 55],[0.55       0.01486989],54.60242952029191
96,140,16,0.7348170250056694,True,1,1,[6 3],[0.5689655  0.17924528],38.89270781134359
97,142,32,0.5195676732112771,True,1,1,[ 6 33],[0.8148148  0.00343643],49.20627433999066
98,143,8,49.96783235265751,False,0,1,[8],[0.70212764],28.54772956957086
99,146,11,9.285451621598142,False,1,1,[5],[0.7364341],36.01273114582289
100,147,28,0.4242252311158769,True,1,1,[ 5 29],[0.3472222 0.0003785],42.433608999349424
101,148,22,0.29998779296875,True,1,1,[ 0 13],[6.8852460e-01 3.9936102e-04],23.208555360826555
102,151,11,0.29992675820064585,True,1,1,[11],[0.8445946],36.760721590125634
103,151,35,inf,False,1,1,[1],[0.59375],13.405908873504838
104,156,11,0.599853515625,True,1,1,[12],[0.80246913],21.467505107471776
105,158,23,69.75372981774522,False,1,1,[55 10],[0.46067417 0.2       ],47.80568551973762
106,159,32,0.30000307814501587,True,1,1,[12 30],[0.7578125  0.00246053],25.42710784791973
107,160,39,0.300048828125,True,1,1,[ 0 31],[7.5886524e-01 3.7050759e-04],49.206180787782394
108,161,8,inf,False,0,1,[10],[0.7888889],28.85417541975046
109,161,16,0.8485367712935581,True,0,1,[ 3 37 32],[0.5121951  0.08108108 0.00757576],26.075649887270302
110,162,15,0.8999430532866947,True,1,1,[ 2 18],[0.81751823 0.00441176],42.2326834497337
111,164,7,1.3747167817138741,True,0,1,[5],[0.884058],22.00118927150696
112,164,19,0.6708340523710504,True,1,1,[7],[0.616],32.288804417583606
113,165,24,0.8999786378570043,True,1,1,[12],[0.7771429],41.68712162719269
114,165,31,0.29998779296875,True,1,1,[8],[0.8689655],48.17997854975194
115,166,13,0.29999544719892784,True,1,1,[2],[0.8152174],51.68073960360175
116,166,16,1.0392146273666203,True,1,1,[3],[0.7647059],51.88609605594608
117,172,11,2.100025722023474,True,0,1,[5],[0.82575756],42.01915712473744
118,173,11,0.2999878178050282,True,0,1,[5],[0.5531915],31.79705151696114
119,173,22,0.2999267578125,True,1,1,[ 4 26],[0.6329114  0.01716172],30.91017853742231
120,174,37,1.2728051538305754,True,1,1,[5],[0.80526316],44.80613354003013
121,176,8,inf,False,1,1,[0],[0.7588235],36.76587007998668
122,176,19,1.7748187765626635,True,1,1,[3],[0.8333333],32.86861917551017
123,176,24,0.29992675820064585,True,1,1,[4],[0.8503937],49.64831051477682
124,178,13,0.29998779335681686,True,0,1,[8],[0.72392637],30.73499579064772
125,180,29,0.6708545130783613,True,1,1,[12 46 40 37],[0.73493975 0.1097561  0.00581395 0.00552486],49.78668471364312
126,181,11,0.4243115434708169,True,0,1,[9],[0.00025088],30.87494989419977
127,184,14,0.6708476895569263,True,1,1,[ 5 28 29],[0.40625    0.10869565 0.07692308],30.079491059427582
128,184,29,0.4242899670281752,True,1,1,[ 0 21],[6.3829786e-01 2.4055809e-04],39.10502142957529
129,185,11,21.068481219095755,False,0,1,[11 22],[0.7714286 0.0035524],19.46306079379996
130,186,6,21.155839782110522,False,1,1,[13 36 37],[0.8428571  0.04166667 0.00172414],25.816812755872537
131,187,16,0.424252200193688,True,1,1,[ 2  0 21],[0.46875    0.3046875  0.00551268],50.39194255380858
132,192,28,0.29998779335681686,True,1,1,[5],[0.8288288],24.940094473008557
133,192,39,0.4242036491853643,True,1,1,[ 3 35],[8.0571431e-01 4.2735043e-04],45.39258738633598
134,193,30,1.081587514971741,True,1,1,[ 1 19],[7.7777779e-01 1.7670967e-04],35.858451080779794
135,196,17,0.6000137329101562,True,1,1,[6],[0.7902098],38.97195374585882
136,197,13,0.599990848025047,True,1,1,[6],[0.33888888],46.77733557845666
137,198,37,inf,False,1,1,[4],[0.6451613],45.39830030785352
138,198,41,0.2998046875,True,1,1,[ 9 39],[0.61904764 0.00505051],41.348612316836565
139,198,42,0.42422522699959686,True,1,1,[ 8 23],[0.41509435 0.00691244],16.030447223228467
140,199,24,0.300048828125,True,1,1,[ 7 23],[0.8192771  0.00085251],29.83818249345019
141,201,27,2.418677324990136,True,1,1,[6],[0.85365856],33.52717994553336
142,201,30,0.4242953602127995,True,1,1,[26  5],[0.73333335 0.14285715],45.996070852951505
143,203,37,0.300018310546875,True,1,1,[11],[0.8372093],37.77197418527666
144,204,18,0.4242036491853643,True,1,1,[3],[0.82653064],44.873628339880405
145,205,12,inf,False,0,1,[2],[0.7368421],71.25606639636733
146,206,8,0.6662095939669654,True,1,1,[1 7],[0.8540146  0.00290698],37.12454300962907
147,207,17,0.5196029097838527,True,1,1,[ 4 17],[6.9999999e-01 6.0240965e-04],40.487654462656906
148,208,18,0.4242899662050448,True,1,1,[ 3 26],[0.85       0.00445931],13.133316201120428
149,209,14,0.5196029097838527,True,0,1,[ 9 17],[0.7083333  0.02083333],34.560901251384436
150,209,27,2.2045756534951946,True,1,1,[ 5 22],[0.64835167 0.00332226],36.02492723537264
151,210,21,0.5195852895557254,True,1,1,[1],[0.78313255],44.34994490690788
152,212,17,0.2999267578125,True,0,1,[ 5 19],[7.118644e-01 5.765904e-04],29.065428779621904
153,215,12,0.4242468064603973,True,1,1,[0],[0.64748204],35.8159752598243
154,215,13,0.424289965930668,True,1,1,[ 2 17],[0.6978417  0.00074543],43.962002609708904
155,217,36,0.29992675936508334,True,1,0,[],[],44.37551372467139
156,221,15,0.7348793167443141,True,1,1,[12],[0.877551],50.42234702149201
157,222,21,0.4242036491853643,True,1,1,[ 6 27],[0.83928573 0.01282051],33.62537546172656
158,222,24,0.7349229238709359,True,1,1,[11  4 18 26],[0.54867256 0.22321428 0.00892857 0.00142146],37.60301889716502
159,222,28,0.300003053310001,True,1,1,[0],[0.90052354],49.17973357850821
160,223,12,41.881999764785355,False,0,1,[7],[0.8629442],43.494886983478935
161,223,34,0.424257596190787,True,1,1,[5],[0.92086333],39.98727488476111
162,223,35,0.9967256735238531,True,1,1,[3],[0.84782606],45.01803552854548
163,223,40,0.2999725590172291,True,1,1,[ 8 37],[0.8333333  0.00140482],50.485248407916885
164,223,42,0.3000030765928275,True,0,1,[6],[0.7924528],40.198812019664274
165,225,32,0.29998779296875,True,1,1,[ 9 39],[0.71153843 0.03921569],41.86369206505642
166,225,37,0.5843566504140455,True,1,1,[ 0  8 48],[0.6456693  0.0673077  0.01801802],41.49423256580204
167,226,22,0.6707862766929261,True,1,1,[8],[0.8072917],49.7586938929327
168,229,10,0.4242575950931961,True,1,1,[ 6 26],[0.5745856  0.00093197],34.12336010309098
169,229,21,0.300048828125,True,1,1,[7],[0.78571427],40.357071171965224
170,230,12,1.6155177090453292,True,1,1,[5],[0.88095236],23.179332769374096
171,231,32,1.2368813568060792,True,0,1,[6],[0.742268],41.18498326778168
172,233,27,0.300048828125,True,1,1,[5],[0.6753247],40.41309023426935
173,233,35,0.300018310546875,True,1,1,[ 4 31],[0.64356434 0.00613497],31.019135675971977
174,238,13,0.6706907419009694,True,1,1,[1],[0.69545454],43.58012249560496
175,239,29,2.1212858180401564,True,1,1,[5],[0.8741259],35.58520379090356
176,240,12,10.221860910720983,False,0,1,[10 31],[0.7755102  0.00295683],29.67902280148509
177,242,25,0.9000244150972748,True,1,1,[6],[0.8064516],46.74014769654216
178,243,12,0.3000488285129879,True,1,1,[ 9 15],[0.7529412  0.00456621],41.32985198067415
179,244,11,41.24867229754291,False,1,1,[ 6 24],[0.6451613  0.00610376],6.981020500685058
180,244,31,0.300048828125,True,1,1,[7],[0.77272725],16.23734584006661
181,244,35,0.2999267578125,True,1,1,[ 5 32],[0.84444445 0.00105541],31.710087338900586
182,247,16,0.8485151903235911,True,1,1,[ 2 28 27],[0.75       0.05855856 0.008     ],48.1409828709436
183,248,26,0.29998779917781976,True,0,1,[ 6 33],[0.4375     0.00621118],34.830084668331665
184,250,23,0.42425759536759383,True,1,1,[ 5 22],[0.7285714  0.00407332],51.054217346499556
185,251,14,0.5999755859375,True,1,1,[ 7 21],[0.65909094 0.02843602],26.7103236601186
186,251,19,0.9949791559140273,True,1,0,[],[],29.173244581230833
187,252,11,0.6708203961654378,True,1,1,[6],[0.78512394],31.91989687635794
188,253,29,0.7348668583120689,True,1,1,[10],[0.9137931],48.94388222467915
189,259,16,35.477458405785775,False,0,1,[ 6 18 22],[0.83       0.0927835  0.00722022],40.78725229119211
190,261,19,0.2999725590172291,True,1,1,[6],[0.8819444],42.123102983331485
191,266,23,0.4242683894882496,True,1,1,[ 9  4 33],[0.608      0.23577236 0.0128866 ],44.61261144203027
192,266,24,0.30000305796656646,True,1,1,[ 8 28],[0.776699   0.00746269],38.120571542089785
193,267,15,0.9949837579735143,True,1,1,[34 40],[0.5263158  0.00580552],18.184730054080944
194,267,38,0.4242468053627785,True,1,1,[11 35],[0.78205127 0.00339559],28.827784341801237
195,268,10,38.77435923182049,False,0,1,[ 6 18],[0.9245283 0.001002 ],45.22939491425295
196,271,33,1.236944276428479,True,1,1,[11 31],[0.85915494 0.01639344],25.727685567066363
197,277,15,0.9949630558802368,True,1,1,[6],[0.8153846],51.31142043265976
198,277,29,0.2999877945210174,True,1,1,[7],[0.7736842],45.300092318032554
199,279,11,18.002533187721227,False,1,1,[ 0 12],[0.4950495  0.30927834],35.59191772104945
200,279,17,0.424289965930668,True,1,1,[14],[0.7522936],20.49917114706199
201,280,16,0.30000305796656646,True,0,1,[14],[0.84375],39.32634100705514
202,281,12,0.4242036491853643,True,0,1,[12  8],[0.4347826  0.01327014],25.079755446308077
203,281,22,0.848536769098432,True,1,1,[11],[0.86315787],27.35985646230812
204,283,18,0.2999267578125,True,0,1,[36 26],[0.11046512 0.03125   ],20.68244927825773
205,283,24,0.7348419395465436,True,1,1,[1],[0.7682119],35.93521378606137
206,285,15,0.29999542236328125,True,1,1,[ 2 17],[0.7883212  0.00139665],32.625375867817525
207,287,20,0.9000142422981762,True,1,1,[7],[0.64285713],47.18155508075984
208,287,24,61.1507328766368,False,1,1,[35],[0.02702703],50.2962199343203
209,289,8,18.442038901167273,False,0,1,[6],[0.8176796],40.96676338680205
210,291,30,0.4242522704403948,True,1,1,[13 25 41],[0.7768595  0.00877193 0.00504838],42.171204410410155
211,291,31,0.5196029088876658,True,1,1,[14],[0.8492063],32.140973218096335
212,292,10,88.21938426520934,False,0,1,[2],[0.95454544],49.30731072490791
213,293,41,0.4243007545635366,True,1,1,[2],[0.6527197],41.74148481541067
214,295,14,0.2998046875,True,1,1,[ 8 31],[0.7846154  0.00122549],24.168740923897182
215,295,32,0.2998046878883039,True,1,1,[7],[0.7443609],34.16254288631583
216,296,11,0.4242575950931961,True,1,1,[ 6 12],[0.8472222  0.00564972],43.83801123854498
217,297,48,1.5000244141121697,True,0,1,[11],[1.],34.40597820582759
218,299,10,18.4347545625484,False,1,1,[ 2 30],[8.1553400e-01 6.0168473e-04],26.19383439196101
219,302,17,1.2727584005374684,True,1,1,[1],[0.6712329],24.00263585973043
220,303,17,61.84738053968344,False,1,1,[7],[0.00330033],45.53919928870898
221,303,18,8.705196328419252,False,1,1,[8],[0.74814814],43.86225100845171
222,303,23,2.0124475318739714,True,1,1,[6],[0.34065935],24.51453483286956
223,303,52,0.300048828125,True,1,1,[ 4 37],[6.502732e-01 4.456328e-04],40.59691408667993
224,304,12,16.606000068716686,False,0,1,[13],[0.7761194],18.43898312727412
225,304,21,0.7348481688418808,True,1,1,[43],[0.01421801],9.665317130602109
226,304,27,0.9487025992579593,True,1,1,[12],[0.8378378],25.279171333428106
227,306,18,1.1224678558946533,True,1,1,[0],[0.7925532],38.13795977919778
228,307,22,3.5369281657214393,False,1,1,[ 7 40],[0.72131145 0.00321027],36.58885682833721
229,307,44,0.42411735000732315,True,1,1,[9],[0.8305085],35.97820102575534
230,309,38,0.6708408672242242,True,1,1,[50  6 48],[0.3783784  0.21794872 0.02586207],30.74306622781333
231,312,26,2.7820546161344706,True,1,1,[1],[0.8145161],41.2835311639593
232,316,23,2.034674698470878,True,1,1,[12 59 53 11],[0.6923077  0.01204819 0.0106383  0.0010543 ],31.44796340658608
233,316,32,0.3000183109349024,True,1,1,[1],[0.80625],41.82394485017508
234,316,37,0.4242899662050448,True,1,1,[3],[0.60227275],24.874766965982893
235,317,16,0.5440134385899864,True,1,1,[3],[0.72139305],49.41322429828228
236,318,43,2.1000061037373676,True,1,1,[6],[0.8333333],28.86544534243845
237,321,8,0.300018310546875,True,0,1,[6],[0.8134328],27.35422791751491
238,322,20,0.30000305214585965,True,1,1,[19],[0.7222222],41.73515133091169
239,323,9,0.7348170250056694,True,1,1,[1],[0.7866667],49.883570498920726
240,323,10,0.7348357100399765,True,1,1,[4],[0.859375],47.513562512642125
241,327,18,0.6707930974982584,True,1,1,[0],[0.81528664],32.653941804816526
242,332,22,0.30001831064388185,True,1,1,[ 0 21],[0.870229   0.00461894],31.455656516511716
243,332,25,0.60003662109375,True,0,1,[2],[0.9119497],42.49406867313881
244,333,26,0.2999954475869848,True,1,1,[7],[0.7847222],31.741377434155517
245,334,23,0.6000976564439939,True,1,1,[8],[0.8888889],38.28623067406386
246,336,46,0.30010986366915904,True,1,1,[ 4 27],[7.8899086e-01 1.9264111e-04],25.27426919771545
247,337,16,0.4242036491853643,True,1,1,[3],[0.7751938],29.135234319016128
248,340,36,0.4242468097532538,True,1,1,[ 7 25],[8.524590e-01 5.128205e-04],28.542496882722364
249,341,17,0.2998046882766077,True,1,1,[ 4 19],[0.7777778 0.0037679],37.56421655958708
250,341,18,0.42421444001344266,True,1,1,[3],[0.5135135],41.92070901758195
251,342,18,0.7348232545122138,True,1,1,[2],[0.7668394],41.039590662522954
252,347,17,0.30004882822199697,True,1,1,[7],[0.7236842],17.83811745641905
253,348,17,0.29999544719892784,True,1,1,[7],[0.8306011],51.609627451698884
254,348,19,0.42425761265465056,True,1,1,[ 8 20],[0.8648649  0.00417537],49.20625874795594
255,348,20,0.9000142433329626,True,1,1,[ 0 11],[0.75510204 0.00526316],29.968260602217278
256,348,21,inf,False,1,1,[3],[0.71794873],34.88921278235686
257,349,44,0.4242036491853643,True,1,1,[5],[0.88],46.63922045586787
258,350,32,0.42421444001344266,True,1,1,[4],[0.75609756],36.28378765903372
259,350,33,0.4242575950931961,True,1,1,[ 1 19],[0.83505154 0.0141844 ],34.10638973251321
260,356,9,12.906966417600238,False,1,1,[ 1 18],[0.875      0.00544959],47.91310216525799
261,356,15,0.424257596190787,True,1,1,[8],[0.87333333],51.61842135927502
262,357,12,0.3000030517578125,True,1,1,[ 4 24],[8.2894737e-01 7.6716533e-04],30.094037795711916
263,359,38,0.3000030517578125,True,1,1,[ 5 33],[8.0434781e-01 2.9895367e-04],21.610300079747898
264,361,7,0.5195852940368115,True,0,1,[2],[0.85915494],41.605952612902215
265,362,16,0.899988810508803,True,1,1,[ 5 17],[7.3770493e-01 2.8993911e-04],21.9255776513939
266,364,27,0.4242252311158769,True,1,1,[7],[0.5607477],51.877277201114424
267,365,30,0.300048828125,True,1,1,[3],[0.82857144],37.5471713472427
268,365,43,0.5196117185536361,True,1,1,[16  1  0],[0.52380955 0.2689655  0.07482993],42.1348063645844
269,366,20,0.300018310546875,True,1,1,[ 6 18],[8.559322e-01 7.002801e-04],27.000952950288937
270,367,22,0.899993904762854,True,1,1,[6],[0.6363636],28.22503993763095
271,368,54,0.3000488285129879,True,1,1,[9],[0.7777778],31.92307765143866
272,369,12,30.4658787409187,False,0,1,[13 28],[8.7596899e-01 3.9619653e-04],37.52627178391815
273,371,13,2.5455455698274494,True,1,1,[9 5],[0.75586855 0.13461539],50.51521629862846
274,372,12,0.2999725419414195,True,0,1,[ 0 14],[0.3970588  0.03658536],42.47384580412064
275,374,11,1.5000000049670537,True,1,1,[8],[0.7777778],14.073572025425433
276,375,32,0.5628105691709903,True,1,1,[18 14 42],[0.60150373 0.14285715 0.010551  ],45.6873173816349
277,375,44,0.2999954285721931,True,1,1,[11 38],[0.79881656 0.00259516],42.007851959578694
278,379,9,154.2399705432552,False,1,1,[ 3 20],[0.22815534 0.00940734],50.69775536737896
279,380,13,0.300003053310001,True,1,1,[3 7],[0.76666665 0.00121261],27.118047262156676
280,380,14,0.2999954227513382,True,1,1,[4],[0.8579882],42.81164723610095
281,384,15,0.30000305796656646,True,1,1,[ 1 17],[0.8873239  0.00811688],37.25032707203718
282,386,11,1.1224841669372883,True,1,1,[0],[0.01669097],33.00015981713301
283,387,20,1.236944271910947,True,1,1,[21  4],[0.45806453 0.15822785],50.84407413949942
284,387,28,1.1225208697797984,True,1,1,[5],[0.8203125],24.790367949586994
285,388,16,0.9487025997487993,True,1,1,[16  3 24  7 28],[0.4516129  0.13636364 0.01785714 0.00512214 0.00203252],29.032152259144986
286,393,13,1.6431467807667919,True,1,0,[],[],29.876542017242393
287,393,21,0.9000193283887292,True,1,1,[7],[0.8291139],43.34906101483863
288,394,13,0.9000549353915565,True,1,1,[6 4],[0.7741935  0.11206897],36.903210958521434
289,396,10,44.41009066601566,False,0,1,[1],[0.81],41.19988938674357
290,397,13,0.42421444001344266,True,0,1,[5],[0.66019416],29.350117504567933
291,397,14,9.808674674887632,False,0,1,[4],[0.86315787],26.699240841847125
292,397,15,27.31319381987332,False,1,1,[3],[0.83916086],38.88747200608815
293,399,19,0.6708749922496858,True,1,1,[4],[0.91925466],45.14858451676079
294,402,16,1.2369405701643172,True,1,1,[24],[0.5555556],15.491720595168248
295,403,10,0.4243115434708169,True,0,1,[ 4 18],[0.84810126 0.0010142 ],19.988089196541633
296,403,20,0.4243870869449344,True,1,1,[ 3 19],[0.6944444  0.01639344],26.8795658416689
297,404,18,23.625821189593577,False,1,1,[ 5 15 16],[0.6282051  0.00790514 0.00314465],50.41403958539881
298,404,19,0.4242468064603973,True,1,1,[ 5 16],[0.17419355 0.00816326],8.76924972436427
299,409,11,0.30010986366915904,True,1,1,[ 3 32],[0.7        0.00359066],40.0394707821831
300,411,18,20.804091153916566,False,1,1,[13 26],[0.6363636  0.00320513],27.462193402657043
301,412,17,10.745671508998416,False,1,1,[ 7 30],[7.9057592e-01 4.5745654e-04],43.702744493374
302,412,25,248.60158891980188,False,1,1,[ 8 32],[0.5033557  0.00434783],41.063200121480016
303,413,13,0.2999267578125,True,1,1,[6],[0.89344263],22.730768641224763
304,416,12,0.5196469588603868,True,0,1,[ 6 27],[0.9157895  0.00704225],46.81038045768742
305,418,27,0.9949975598122411,True,1,1,[ 4 25],[8.5714287e-01 5.7703402e-04],13.903416150641165
306,421,17,12.171272098892072,False,1,1,[ 7 21],[0.7876106  0.00400962],39.388007504331036
307,422,34,0.2999267578125,True,1,1,[12 63],[0.8663793  0.00358423],51.3069049794079
308,423,14,0.42424681030206324,True,1,1,[ 5 40],[0.78125    0.00262054],37.93199523749979
309,426,22,0.29997254038907306,True,1,1,[12 10 45],[5.6923079e-01 2.1538462e-01 5.1466806e-04],38.312883698196195
310,427,33,0.3000030595187549,True,1,1,[ 0 21],[7.4285716e-01 6.9001206e-04],33.05857693437544
311,429,22,0.3000030517578125,True,1,1,[8],[0.7888889],26.6243585359515
312,430,31,0.9950021596806058,True,1,1,[13 34],[0.81707317 0.00632911],48.23957754322536
313,431,24,0.4242683853723883,True,1,1,[ 5 33],[0.8186813  0.00473934],50.955264057419484
314,431,43,0.670793100969234,True,1,1,[12 42],[0.87234044 0.00227273],31.43740448068084
315,433,14,1.4071000040286707,True,0,1,[3],[0.86764705],43.78450288657649
316,433,19,0.6000213747218796,True,1,1,[4],[0.83760685],34.29442655270228
317,438,33,0.42421444001344266,True,1,1,[5 3],[0.6025641  0.21830986],42.81234887766288
318,439,8,0.2999267578125,True,1,1,[7],[0.6041667],10.61409244267236
319,440,16,0.7348107957631711,True,1,1,[7],[0.81060606],39.6668772819235
320,440,22,0.29992675936508334,True,1,1,[10 16],[0.84       0.00130208],47.201163623610455
321,442,28,0.4242468053627785,True,1,1,[ 9 32],[7.8260869e-01 1.3446283e-04],24.437860537238656
322,449,11,53.16769077451906,False,0,1,[13],[0.75438595],26.978141803509
323,449,21,0.7348045656757133,True,1,1,[ 2 34],[0.80689657 0.00566572],50.68766108410807
324,449,41,0.6000366212877637,True,1,1,[12],[0.8448276],38.92697423186845
325,454,16,1.199981689453125,True,1,1,[5],[0.8235294],28.74965889268605
326,454,24,0.6707658039680947,True,1,1,[1],[0.78409094],36.58070843099805
327,455,11,0.30000305796656646,True,1,1,[ 4 10],[0.78367347 0.00087413],51.90217930201798
328,456,13,54.17721849098481,False,0,1,[35],[0.00142045],1.6627957497763728
329,456,34,0.6000061539617492,True,1,1,[4],[0.8333333],50.20279869915513
330,461,35,0.2999878178050282,True,1,1,[ 4 27],[0.4107143  0.00212917],40.727871586204635
331,462,18,0.6000976564439939,True,1,1,[ 1 17],[0.825      0.00241313],33.53368851479568
332,464,26,1.0392146273666203,True,1,1,[6 3],[0.5586592 0.25625  ],50.71888881122416
333,465,10,0.29998779335681686,True,1,1,[9],[0.7948718],46.28138014087896
334,466,10,0.9000040691253942,True,1,1,[7],[0.8488372],22.544100801683193
335,467,10,0.4242468097532538,True,0,1,[10],[0.7777778],13.6647574054925
336,468,11,0.29992675820064585,True,1,1,[ 0 13],[0.71929824 0.00909091],44.9062406396787
337,470,43,0.9487074253083467,True,1,1,[7],[0.716129],49.93595038032365
338,471,28,0.3000488296769517,True,1,1,[ 5 33],[0.5673077  0.00247934],31.840739234544976
339,472,20,1.529709445176894,True,1,1,[10],[0.8787879],25.865484851421574
340,473,33,0.6708067565157024,True,1,1,[8],[0.73913044],20.729895362021104
341,474,15,0.300048828125,True,0,1,[5 3],[0.6025641  0.24657534],37.47075478513167
342,474,18,0.6707930976718072,True,1,1,[ 2 20],[8.918919e-01 7.800312e-04],35.9023052376036
343,476,13,35.48239787740794,False,0,1,[12],[0.70625],50.46186971107354
344,476,28,0.29998779296875,True,0,1,[11 34],[8.015873e-01 5.673759e-04],50.58407426759485
345,476,34,0.670793100969234,True,1,1,[13],[0.61864406],47.64505014134694
346,477,10,0.300018310546875,True,0,1,[ 9 20],[7.6623374e-01 3.6900368e-04],20.96738435735217
347,477,26,109.15594968078429,False,1,1,[8],[0.40816328],47.69465152216464
348,477,27,0.4241281430310577,True,1,1,[0],[0.6764706],16.154271506167806
349,478,16,0.30001831675531315,True,1,1,[2],[0.8484849],35.003895316051825
350,479,24,1.3087983914395633,True,1,1,[7],[0.83233535],34.44978246814033
351,482,15,5.1349959719927005,False,1,0,[],[],24.218248752506636
352,482,16,0.2999267578125,True,0,1,[5],[0.6981132],11.801391583320889
353,483,31,1.52972740383334,True,1,1,[0],[0.7679558],45.01909578690573
354,483,33,0.6708408665300785,True,1,1,[25],[0.00228833],39.617269664291896
355,484,20,0.5196293401259295,True,1,1,[ 4 26],[0.6545454  0.02713178],40.85366188542662
356,485,23,0.2999267578125,True,1,1,[ 3 26],[0.75739646 0.00204778],41.43177087475597
357,486,20,1.5588557118358282,True,1,1,[3],[0.7723577],30.09843226319262
358,487,14,2.012474827729774,True,1,1,[7],[0.6536965],45.89881397724781
359,487,31,2.0999886651993616,True,1,1,[10],[0.77922076],23.75781596753647
360,490,18,0.8999938970017799,True,1,1,[5],[0.77272725],21.930547999052305
361,491,32,0.29998779296875,True,1,1,[ 7 25],[8.105263e-01 6.482562e-04],27.489021106301372
362,492,16,1.081667921929693,True,1,1,[0 9],[0.5263158  0.34946236],49.62428119851639
363,494,30,0.29998779296875,True,1,1,[ 4 26],[7.6363635e-01 4.0322580e-04],48.76942294831507
364,495,25,0.6708203963389794,True,1,1,[7],[0.6666667],5.996751480802207
365,496,13,0.60003662109375,True,1,1,[8],[0.7425743],45.527523973118534
366,498,13,1.3747567259125781,True,1,1,[4],[0.75233644],39.835732781013
367,498,19,0.4242575950931961,True,1,1,[3],[0.94949496],51.02345426201781
368,501,14,9.22221995089761,False,0,1,[ 7 25],[0.73394495 0.0021978 ],46.52825818165457
369,503,7,0.734823251343688,True,1,1,[ 1 12],[0.8181818  0.00189215],35.539846561933764
370,503,11,0.4725777734777077,True,1,1,[4],[0.8513514],48.24426450885902
371,506,11,0.30000305796656646,True,0,1,[ 8 34],[0.5       0.0326087],49.22688077306266
372,506,26,0.29998779296875,True,1,1,[ 0 30],[0.5971223  0.00506757],45.01603974810268
373,508,15,0.4242899670281752,True,1,1,[1],[0.90588236],38.747524139349984
374,509,51,0.7347671876857269,True,1,1,[4],[0.8220339],29.428348979519146
375,511,20,0.30001831209898455,True,1,1,[ 8 55],[0.7816092  0.00278552],44.141771402416474
376,512,8,18.67244247640709,False,1,1,[8 4],[0.7086093  0.02747909],43.540843041764916
377,512,21,0.8999939295982905,True,1,1,[7],[0.9122807],19.96485394641761
378,513,17,0.7348357105152473,True,1,1,[0],[0.8341709],42.25803021489321
379,514,36,1.4696184757201745,True,1,1,[9],[0.84827584],38.62470568194362
380,517,18,0.42428996599926216,True,1,1,[ 5 29],[0.5882353  0.00519481],27.998497028523413
381,518,30,0.5196469588603868,True,1,1,[10],[0.83919597],50.19016915104047
382,519,29,0.5999908478310184,True,1,1,[ 9 38],[0.7361111  0.00570342],20.255324197833904
383,522,16,0.2999267578125,True,1,1,[6],[0.8216216],44.13701072569475
384,523,18,1.2726361187250965,True,0,1,[ 6 30],[0.28498727 0.00524934],49.15122198383852
385,524,35,0.6708067461029877,True,1,1,[9],[0.8695652],12.135029942033778
386,524,39,1.9209639616138598,True,1,1,[24  3 57  4 53],[0.22941177 0.1845238  0.15294118 0.04744959 0.00264201],46.89855653237632
387,526,13,16.68167724529009,False,0,1,[0],[0.8095238],50.1019650106891
388,526,16,0.2999877992748365,True,1,1,[12],[0.7567568],18.088190411973894
389,526,20,1.3747467389767039,True,1,1,[2],[0.822695],38.04677132340301
390,527,12,0.29998779335681686,True,1,1,[ 6 29],[0.7109827 0.0035461],42.135324020136764
391,527,22,inf,False,1,1,[3],[0.7096774],49.09745752975336
392,528,21,0.8999938985539948,True,1,1,[ 6 46],[0.8245614  0.00552486],23.849225830224118
393,531,39,0.9486736475940446,True,1,1,[5],[0.76666665],13.023083634131531
394,533,28,52.22763340358688,False,1,1,[4],[0.7253521],29.620788990310164
395,533,32,0.5999908478310184,True,1,1,[6],[0.625],32.01218924821013
396,533,33,0.30000305835461355,True,1,1,[ 2 26],[0.83181816 0.0015456 ],49.68821172517057
397,533,35,0.29992675858879164,True,1,1,[3],[0.733871],40.552030356612974
398,534,12,0.6708340428264503,True,1,1,[6],[0.8],29.407050260106036
399,535,18,0.30000305214585965,True,1,1,[ 6 13],[0.7808219  0.00098912],43.76723938574618
400,536,16,0.29998779335681686,True,1,1,[10 23],[0.82051283 0.00107296],26.77460026400486
401,541,12,17.02620667889803,False,0,1,[3],[0.5263158],12.061469129718718
402,541,22,0.4242468053627785,True,1,1,[ 4 21],[0.7149123  0.00476948],50.941730171291674
403,541,23,1.46966519061299,True,1,1,[ 5 23],[0.78431374 0.00302115],30.695020932059617
404,542,21,2.2045715020769645,True,1,1,[4 0],[0.46296296 0.00715308],41.11540521339698
405,544,9,0.29998779296875,True,0,1,[ 6 19],[0.65909094 0.00862069],33.19601760193234
406,546,24,0.600006103515625,True,1,1,[3],[0.75714284],37.054659510061306
407,546,31,0.29998779335681686,True,1,1,[11 28],[8.3684212e-01 1.8477457e-04],45.90318598378033
408,547,19,59.11285719081227,False,1,1,[ 3 29],[0.8125     0.00151515],48.299638060926156
409,550,28,0.3000030517578125,True,1,1,[ 6 24],[0.8235294  0.00121951],44.19772242413901
410,552,13,0.5195676732112771,True,1,1,[5],[0.7808765],53.88626914437047
411,553,23,0.9488280560755322,True,1,1,[6],[0.74311924],43.8356011027263
412,553,30,0.6708203933887703,True,1,1,[10 35],[0.79891306 0.0021645 ],51.30915023240606
413,556,35,0.29998779306576673,True,1,1,[14],[0.83435583],38.540090827982354
414,556,46,0.7348762012451681,True,1,1,[13],[0.8563536],47.12516180962268
415,558,16,0.5999755861315335,True,1,1,[6],[0.6666667],15.001257551347672
416,558,26,0.2999267597532292,True,1,1,[ 5 15],[0.8181818  0.00150943],21.172946146716537
417,560,14,1.1224678541315198,True,1,1,[ 9 27],[0.86538464 0.01587302],43.56153367182435
418,563,30,0.5195588627984719,True,1,1,[ 9  0 38],[0.7244898  0.12222222 0.00152905],36.356357761970656
419,566,13,0.6707658039680947,True,1,1,[7],[0.8648649],34.96848268681972
420,566,16,0.30001831209898455,True,1,1,[10  2],[0.78205127 0.0794702 ],41.69740925169398
421,566,20,1.1224841669372883,True,1,1,[11 27],[0.16981132 0.0239521 ],15.598248494710178
422,566,25,0.5999755859375,True,1,1,[8],[0.74761903],44.95679001620675
423,569,18,0.5196557677795828,True,1,1,[6],[0.8842105],25.604863991253055
424,569,29,0.300048828125,True,1,1,[ 5 19],[0.8208955  0.01052632],43.223295662872175
425,578,13,0.2999725341796875,True,1,1,[15],[0.7380952],33.83777951375955
426,578,56,1.6155460419795202,True,0,1,[2],[0.6909091],40.02787980715902
427,583,34,0.29998779917781976,True,0,1,[0],[0.39805827],28.403197644628108
428,585,25,0.300048828125,True,1,1,[ 9 29],[8.245614e-01 5.311615e-04],35.23818434800302
429,586,15,0.30000305796656646,True,1,1,[ 9 21],[0.20595534 0.01952278],40.32148391194437
430,587,16,0.9000701930164929,True,1,1,[ 5 21 30],[0.7383177  0.04516129 0.00970874],43.90019266571369
431,588,16,0.336560919794696,True,1,1,[4],[0.6216216],28.320282322450176
432,588,17,0.6708340440412176,True,1,1,[5 3],[0.5192308  0.17977528],28.17579717361155
433,594,15,0.29998779917781976,True,1,1,[0],[0.7181818],30.157551021996984
434,597,27,0.30000305796656646,True,1,1,[ 7 24],[0.8023256  0.00147203],44.23434149762981
435,598,16,0.42434391842312447,True,1,1,[1],[0.7209302],50.10900268420344
436,599,9,39.180745390135904,False,0,1,[ 6 20],[0.44       0.00547445],29.174479470379826
437,609,11,0.4243007545635366,True,1,1,[6],[0.76086956],10.64592202232824
438,609,20,1.6431676817115828,True,1,1,[ 5 29],[0.04575163 0.0060241 ],32.56940179262188
439,610,14,1.774832962800597,True,1,0,[],[],25.74043361464481
440,610,20,0.7348668581932563,True,1,0,[],[],32.971199171863674
441,610,43,0.42421444001344266,True,1,1,[ 4 38],[0.76086956 0.00352113],28.48255486448534
442,611,16,0.9000193284210661,True,1,1,[5],[0.872449],49.16474339633855
443,611,19,0.45752873737147676,True,1,1,[ 6 33],[0.8513514  0.00146628],35.318813877892545
444,611,23,0.300048828125,True,1,1,[ 7 25],[8.333333e-01 6.079027e-04],20.965547615663397
445,613,13,0.5196205285183251,True,1,1,[ 0 21],[0.62886596 0.10588235],31.787813631927214
446,615,8,9.609372427610987,False,1,1,[8],[0.8666667],42.63573458806986
447,617,22,0.4243007545635366,True,1,1,[10],[0.77310926],33.62954789021481
448,618,21,0.5999755861315335,True,0,1,[9],[0.8961039],31.022204188402792
449,618,24,0.3000030517578125,True,1,1,[ 8 41],[0.85470086 0.00261438],20.677444235115992
450,620,24,0.2998046894415194,True,1,1,[7],[0.5906433],27.137189912766257
451,623,11,0.29998779306576673,True,0,1,[ 3 17],[0.8873239  0.00854701],50.68815379240489
452,625,13,9.143850792991365,False,0,1,[3],[0.85625],47.52918261301406
453,627,14,inf,False,1,1,[8],[0.7619048],20.595080870966786
454,628,21,0.8485961147591851,True,1,1,[ 6 27],[0.51666665 0.01290323],39.64267532564748
455,629,37,2.545577938538506,True,1,1,[9],[0.82098764],42.930439830145346
456,633,52,inf,False,1,1,[2],[0.7798742],37.364357858681295
457,634,40,0.300048828125,True,1,1,[ 4 31],[0.73134327 0.00074655],19.547969714390952
458,635,41,0.4243007556610159,True,1,1,[10 38],[9.4495416e-01 2.8058363e-04],35.58986892768863
459,636,9,0.6708613446863552,True,0,1,[0],[0.52],29.577807987430084
460,637,26,0.4242144402878683,True,1,1,[7],[0.7232704],46.74204992477671
461,638,27,inf,False,0,0,[],[],19.98155957228536
462,641,42,0.3000488285129879,True,1,1,[ 0 25],[5.970149e-01 5.313496e-04],46.63399400583326
463,644,35,0.2999878178050282,True,1,1,[ 8 49],[8.6915886e-01 3.5919540e-04],32.85718397725426
464,644,39,0.7348668583120689,True,1,1,[7],[0.8333333],24.49432755588611
465,646,15,0.282064399527834,True,1,1,[6],[0.79012346],51.575590039928144
466,646,24,0.5999908447265625,True,1,1,[5],[0.8804348],22.68361209144949
467,647,23,0.4242252322135515,True,1,1,[4],[0.9117647],36.237328168998694
468,648,12,4.874423794305454,False,1,1,[7],[0.9518072],52.017424645896874
469,650,13,inf,False,1,1,[0],[0.6910569],25.02055249051628
470,650,14,0.4242468053627785,True,1,1,[ 7 16],[0.6       0.0010699],27.7100132023291
471,652,19,0.4242899670281752,True,1,1,[ 9 44],[0.80851066 0.00454545],19.79743603292832
472,653,6,17.79383036815163,False,0,1,[0],[0.75438595],46.65462538616081
473,656,23,0.30000305796656646,True,1,1,[25 23 19 28],[0.29787233 0.10588235 0.00675676 0.00407609],21.513105572183047
474,658,20,0.5999755983556395,True,1,1,[8],[0.8301887],11.49414118415028
475,660,17,0.42422523139029555,True,1,1,[1],[0.8318584],38.978570028081606
476,662,12,0.30001831714334054,True,1,1,[ 3 15],[0.64356434 0.0209205 ],24.942190042473513
477,664,31,0.7347298158749742,True,1,1,[9],[0.80473375],49.74718073450324
478,666,11,0.4243115434708169,True,1,1,[ 7 34],[0.7591241 0.0126183],47.515028163904816
479,670,15,0.30004882822199697,True,1,1,[ 6 29],[0.62352943 0.00355872],29.477332915762368
480,679,8,inf,False,1,1,[ 5 20],[0.77717394 0.01724138],45.471869764426614
481,681,31,0.8999633794236724,True,1,1,[5],[0.68292683],12.364675666048495
482,681,32,0.60009765625,True,1,1,[6],[0.74496645],32.99575038971717
483,682,27,0.2999877960732849,True,1,1,[0],[0.79611653],26.375812147461986
484,684,5,0.4243007556610159,True,1,1,[ 1 13],[0.7254902  0.02816901],36.868133363609736
485,685,22,1.558846911148104,True,1,1,[ 7 51],[0.7457627 0.0172043],47.99682515483387
486,685,30,1.2369516721004867,True,1,1,[ 8 56],[0.81395346 0.00151976],44.67573735375497
487,687,24,0.7348357124163305,True,1,1,[4],[0.8105263],39.56453428449758
488,690,10,0.4243007545635366,True,1,1,[ 4  5 24],[0.52820516 0.18128654 0.04014599],40.784692079092814
489,692,11,1.529793239554495,True,0,1,[8 9],[0.31578946 0.29850745],13.214600596467749
490,692,26,0.2999267578125,True,1,1,[11],[0.68041235],22.09845808583972
491,693,8,0.2999267578125,True,1,1,[ 7 10],[0.7258065  0.00249128],21.780738350509914
492,693,19,0.4242683894882496,True,0,1,[6 8],[0.74       0.00390407],16.3213821172791
493,694,13,65.68836118124878,False,0,1,[29  4  5],[0.48292682 0.22699386 0.06134969],49.614190033652434
494,697,11,0.2999877945210174,True,0,1,[ 4 20],[0.63225806 0.00651769],52.07905060388252
495,698,10,1.2369257674904999,True,0,1,[10],[0.95652175],49.3129082653686
496,699,13,0.42421444001344266,True,1,1,[29  2 28],[0.19148937 0.1875     0.01132075],25.497147978666266
497,701,17,0.4242252311158769,True,1,1,[15],[0.8425926],49.2061745509685
498,701,24,0.42421444001344266,True,1,1,[16 46],[0.00438596 0.00077042],54.87068935207944
499,702,28,0.37725887752156223,True,1,1,[10],[0.75333333],30.164055224252362
500,705,16,0.3000030517578125,True,1,1,[6],[0.85833335],50.045503134599215
501,710,22,0.8999633814933624,True,1,1,[ 7 39],[0.7692308  0.00493827],37.81817338412077
502,712,9,30.655865823301678,False,0,1,[3],[0.8614458],42.30830517161038
503,713,14,0.2999877945210174,True,1,1,[ 8  0 16],[0.63414633 0.22222222 0.00199402],36.34189459057417
504,715,14,20.439663822534328,False,1,1,[12],[0.86885244],28.846076916922367
505,717,13,0.3000030517578125,True,0,1,[ 9 44],[8.1250000e-01 7.6804915e-04],45.506802158989665
506,718,9,74.34673489637352,False,0,1,[15 44],[0.7126437  0.01492537],31.053116956417757
507,718,25,0.9486736475940446,True,1,1,[14],[0.76875],41.271824664299444
508,719,11,0.29998779296875,True,0,1,[0],[0.72727275],27.62858224185551
509,719,34,0.3000030517578125,True,1,1,[ 2 26],[0.625      0.00483871],15.455718587024117
510,720,32,0.300018310546875,True,1,1,[8],[0.86206895],24.39153238945362
511,721,52,0.29998779335681686,True,1,1,[13],[0.7020408],50.329518283645804
512,723,26,0.6707999224861375,True,1,1,[ 9 26],[8.1578946e-01 5.9630291e-04],44.42456942403449
513,724,14,29.317273523605333,False,0,1,[11],[0.625],39.051615592288464
514,725,18,1.5297094458618201,True,1,1,[10],[0.8911917],46.43392637166237
515,726,28,0.29998779335681686,True,1,1,[ 7 28],[7.894737e-01 7.558579e-04],28.01880721293595
516,727,17,0.7349167085153531,True,1,1,[4 5],[0.42105263 0.00474898],36.179622048538995
517,727,20,0.4242791742796267,True,1,1,[6],[0.82539684],42.278465135583424
518,729,26,0.6755516430153394,True,1,1,[6],[0.6781609],47.499118051687276
519,730,15,0.4243007545635366,True,1,1,[ 3 17 15],[0.63589746 0.1741573  0.00113636],40.71586883788529
520,732,18,0.29998779296875,True,1,1,[ 9 44],[0.4888889  0.03225806],32.38853730839915
521,734,13,45.7575739760942,False,0,1,[ 6 45],[0.76       0.00331675],6.937796274166923
522,734,38,0.4242036502830948,True,1,1,[ 0 38],[8.3589745e-01 3.6271309e-04],46.461595996457774
523,735,14,0.5195588627984719,True,1,1,[4],[0.66486484],37.56892847247627
524,736,48,0.424289965930668,True,1,1,[10],[0.83870965],28.99171899473643
525,737,24,1.0393115355591656,True,0,1,[4],[0.92045456],48.34219807886909
526,738,12,78.61200561857086,False,0,1,[14 33],[0.8296296  0.00337838],33.37282192031672
527,738,14,0.2999267578125,True,1,1,[10],[0.86206895],51.155724610865036
528,739,9,3.770982315026449,False,1,1,[2],[0.9],6.693585785253807
529,742,10,0.6708408667036149,True,1,1,[4],[0.8873239],39.776716929637715
530,743,9,0.30004882822199697,True,0,1,[ 2 22],[0.740113  0.0041841],49.8831370403558
531,743,16,0.9487074243266715,True,1,1,[ 0 28],[0.59183675 0.00124069],49.2612456175623
532,744,12,8.055365439226541,False,1,1,[10 21],[0.7373737 0.0017094],39.58024793707776
533,745,23,1.6155460420515797,True,1,1,[6],[0.00765436],21.991968142179786
534,749,26,1.5296765291778394,True,1,1,[13],[0.875],45.60790403045271
535,754,19,0.8485367707447766,True,1,1,[ 8 32],[0.7977528  0.00092851],46.54100622923301
536,754,24,179.89700404118977,False,1,1,[29],[0.0056243],10.848244264718106
537,759,10,0.36947399714329887,True,1,1,[ 3 22],[0.7741935  0.00123305],21.106777025074262
538,759,12,0.30001831675531315,True,1,1,[ 0 27 23],[0.76623374 0.01369863 0.00581395],50.01981681661887
539,759,22,0.7348232545122138,True,1,1,[4],[0.76649743],43.862403810391854
540,761,11,31.4255859321893,False,0,1,[5],[0.7826087],10.930735158407694
541,764,37,inf,False,1,1,[ 8 47],[0.3243243  0.06382979],51.66300210491627
542,765,8,inf,False,0,1,[0],[0.821192],39.44735466296256
543,765,22,0.5999755983556395,True,1,1,[ 4 14],[0.7361111  0.02586207],34.88586361330127
544,766,11,13.024994283135362,False,0,1,[7],[0.9223301],32.908500481890016
545,766,31,0.29998781790204493,True,1,1,[ 1 31],[0.83809525 0.00357654],46.188108589247015
546,767,9,11.890712364286406,False,1,1,[ 4 24 23],[0.41304347 0.0882353  0.01689189],36.34752331510429
547,768,11,9.362723602923255,False,0,1,[21],[0.00274123],26.03064503828493
548,770,14,0.29998779335681686,True,1,1,[ 2 27],[0.4532374  0.00064516],27.48555027065181
549,771,11,0.7347921064513595,True,1,1,[16],[0.9433962],35.476243533946956
550,771,22,0.3000030517578125,True,1,1,[17],[0.8492462],50.07297006294339
551,772,15,0.5195676732112771,True,1,1,[4],[0.85119045],51.23686867789998
552,772,16,0.42421983662805524,True,1,1,[5],[0.8914729],49.77443249276843
553,774,12,5.523598886049106,False,1,1,[10],[0.8],24.558242424567098
554,774,32,1.3076829855441552,True,1,1,[0],[0.8095238],49.06806654432606
555,775,28,0.4243115434708169,True,1,1,[11 30],[8.1208056e-01 4.8567264e-04],31.753223085579705
556,775,32,0.4242036491853643,True,1,1,[12],[0.8],36.673552760878955
557,776,8,0.29999544719892784,True,0,1,[4],[0.775],12.408258521468357
558,777,10,0.2999877995658866,True,0,1,[4],[0.68367344],47.592880103788296
559,777,12,13.162486923607567,False,1,1,[3],[0.82758623],13.704312104215328
560,777,15,0.300048828125,True,1,1,[0],[0.77018636],48.715065996910965
561,778,36,0.3000488285129879,True,1,1,[19  8 36],[0.71428573 0.03703704 0.00148588],10.480698738020775
562,779,10,0.29992675936508334,True,1,1,[ 4 10],[0.76969695 0.00091241],36.56689388824547
563,780,14,0.5196205285183251,True,1,1,[3],[0.8341014],49.987294950621894
564,784,27,0.4242522045841075,True,1,1,[8],[0.85625],44.515457896551354
565,785,15,2.6153589700444075,True,1,1,[8],[0.8770492],50.99858808506317
566,786,12,32.18961572424114,False,0,1,[ 6 29],[0.78723407 0.00115696],48.012251913975405
567,786,18,0.600006103515625,True,1,1,[5],[0.77272725],32.97799669754642
568,786,19,0.5195500535806786,True,1,1,[4],[0.24705882],37.37647910646442
569,788,11,0.7348793161106573,True,1,1,[10],[0.75409836],44.92144911033431
570,789,30,0.29995727694305035,True,1,1,[4],[0.8411215],32.886007412618156
571,790,12,39.406370896873305,False,0,1,[ 7 27],[0.8487805  0.00219459],51.34958661522156
572,792,33,0.300018310546875,True,1,1,[5],[0.84313726],33.72574965593897
573,795,12,0.6707930974982584,True,1,1,[8],[0.73846155],16.84004179666825
574,795,16,6.469160426363306,False,0,1,[ 7 32],[0.7894737  0.00085197],51.42619152884911
575,795,22,0.2999954487511557,True,1,1,[39],[0.00080192],11.941092153838085
576,796,25,0.42426838893946806,True,1,1,[ 1 38],[0.78571427 0.00236827],28.658947553153393
577,798,16,12.886090111525498,False,1,1,[3 9],[0.58389264 0.32214764],48.43197701472613
578,798,25,2.5099910222973216,True,1,1,[ 1 35],[0.26451612 0.01981982],35.19049143223374
579,799,38,0.6708067454088067,True,0,1,[11 40],[0.71794873 0.00137552],42.842354189257755
580,800,17,20.911977411426815,False,1,1,[7],[0.8240741],25.083673428235
581,800,30,0.29992675790953643,True,0,1,[ 8 17],[8.1132078e-01 3.6231885e-04],23.515182078608788
582,801,10,66.54924083950029,False,1,1,[9],[0.79],26.24440247893071
583,807,24,0.4242576005811507,True,1,1,[0],[0.8396226],29.15727044357247
584,810,10,0.3000030765928275,True,0,1,[3],[0.83950615],14.470579789720322
585,810,13,0.6708272282944132,True,1,1,[4],[0.84615386],43.379203536338956
586,811,26,0.42421444111114526,True,1,1,[11],[0.81560284],31.679174896704772
587,812,16,0.6707931086053801,True,1,1,[4 2],[0.6707317  0.14942528],28.166529268180255
588,813,19,0.3000030595187549,True,1,1,[11 23],[0.8333333 0.0106383],34.34768582486282
589,814,11,0.300048828125,True,1,1,[ 9 31],[0.6875     0.00600962],29.47636620961038
590,814,12,0.5196469588603868,True,1,1,[8],[0.7131783],36.75707929081751
591,817,17,0.300048828125,True,0,1,[7],[0.7832168],38.35249058476515
592,818,17,7.857534809140869,False,1,1,[12],[0.597561],52.05987551959683
593,821,17,0.169319116907559,True,1,1,[ 4 12],[0.8333333  0.00238095],46.04846008957526
594,822,8,0.30000305796656646,True,1,1,[2 7],[0.29532164 0.01438849],26.951875461837464
595,823,43,0.30001831675531315,True,1,1,[6],[0.814433],49.49814163771692
596,824,19,1.5000000012417634,True,1,1,[6],[0.852459],45.61667922758719
597,827,20,0.42412274648490167,True,1,1,[10 35],[0.45962733 0.1764706 ],41.68725926772357
598,828,24,0.4242575950931961,True,0,1,[32 31 29  3],[0.15584415 0.02197802 0.01574803 0.00472893],29.102332007372237
599,831,26,0.7348107938620234,True,1,1,[9],[0.9029126],46.40537423770241
600,832,23,0.9486929497831813,True,1,1,[3],[0.90909094],32.274359956628764
601,833,50,1.7748368316088081,True,1,1,[11],[0.77272725],23.629671271073356
602,833,51,0.670820393562312,True,1,1,[12 47],[0.82954544 0.01834862],40.73286727412554
603,834,18,1.5296914917890856,True,1,1,[8],[0.88349515],28.749936430903873
604,836,15,54.63876779065692,False,0,1,[9],[0.8425197],29.972040111430847
605,836,31,inf,False,1,1,[6],[0.6694915],37.042076738050774
606,837,12,0.29992675936508334,True,1,1,[8],[0.7254902],57.379698127335715
607,837,24,0.8999938985539948,True,1,1,[ 0 37],[8.5185188e-01 5.0942437e-04],45.153839032457874
608,838,21,0.2999267578125,True,1,1,[ 3 33],[0.8108108 0.0046729],20.348380579386863
609,838,34,0.29998779296875,True,0,1,[2],[0.82978725],35.089196219540305
610,838,37,0.599990844920591,True,1,1,[ 4 36],[8.645833e-01 6.489293e-04],40.64729506923311
611,839,16,221.981817109151,False,1,1,[ 4 34],[0.5498008  0.01030928],32.45747904907048
612,840,21,1.2727871710481786,True,1,1,[11  2 27],[0.537037   0.02724077 0.00657895],45.37101424711198
613,841,48,0.5196469584123313,True,1,1,[ 3 58],[0.7685185  0.00206612],41.50094337754099
614,842,28,0.6707453311824613,True,0,1,[11],[0.7118644],11.939873798796372
615,842,29,0.5195720783056401,True,1,1,[12],[0.72727275],16.877032339812956
616,843,17,0.6708476902510648,True,1,1,[ 0 19],[0.7647059  0.00119048],27.167148448257
617,843,27,0.899993896484375,True,1,1,[10],[0.484375],40.594959987047005
618,844,40,1.2727871720542923,True,1,1,[8],[0.50526315],46.276393808178874
619,845,8,0.29998779917781976,True,1,1,[2],[0.872093],30.85472111259402
620,846,8,0.3000030517578125,True,1,1,[ 3 22],[0.7552083 0.0010989],48.02761942338504
621,851,9,0.3000030517578125,True,1,1,[ 3 14],[8.2352942e-01 2.5974025e-04],46.78570450355624
622,851,14,1.3416953805888971,True,1,1,[4],[0.78688526],40.287777051309476
623,853,32,0.2999725419414195,True,1,1,[6],[0.79856116],41.7997896700032
624,853,42,0.4242036491853643,True,1,1,[7],[0.8425197],49.08765013992113
625,853,47,0.4243115434708169,True,1,1,[42],[0.00048333],9.294252478760953
626,854,16,1.2727709866240513,True,1,1,[7],[0.76],43.02083309216992
627,857,13,10.062274053747593,False,0,1,[ 5 15],[0.77124184 0.00220994],48.754598041713315
628,858,17,71.89244851058425,False,0,1,[ 3 35],[0.8455285  0.00388098],36.33812305823352
629,859,9,0.29999542236328125,True,0,1,[ 5 17],[0.675      0.00356506],17.867410318894972
630,860,14,0.5196205285183251,True,1,1,[0],[0.8186813],47.39596738686343
631,861,12,0.6709022973017598,True,1,1,[8],[0.7708333],23.24338484796053
632,863,17,0.3000030517578125,True,1,1,[ 3 26],[0.84615386 0.00381679],41.21082550610911
633,870,7,inf,False,0,1,[34  4],[0.8360656  0.05084746],28.706235076020228
634,870,36,0.30000305796656646,True,1,1,[8],[0.80508476],19.562230189336216
635,872,26,2.6495413907800125,True,1,1,[9],[0.7027027],17.883498180308187
636,873,17,0.899973551504155,True,0,1,[0],[0.7529412],46.72275010421335
637,873,29,0.4242036502830948,True,0,1,[ 9  2 25],[4.7899160e-01 4.1025642e-01 2.4624477e-04],36.108896579096914
638,874,13,0.3000488296769517,True,1,1,[ 7 23],[0.8888889 0.0021097],50.23795250061107
639,875,9,inf,False,1,1,[0],[0.8638743],50.10930885903724
640,876,31,2.3431006918965496,True,1,1,[ 7 33],[6.9791669e-01 1.8005041e-04],38.89909430876058
641,877,43,1.2369627781250807,True,1,1,[10],[0.8880597],36.083753287480896
642,879,14,16.551670914565673,False,1,1,[4],[0.77],46.32332583265434
643,879,30,0.6707794524339666,True,1,1,[ 7 26],[0.26153848 0.0004315 ],16.47024550946414
644,880,8,0.600006106620002,True,0,1,[ 5 22],[0.7352941  0.00331126],38.97206191279388
645,881,53,0.4243061492572429,True,1,1,[0],[0.8789809],42.57462336126173
646,885,11,2.1424631427075798,True,1,1,[ 0 27],[8.495575e-01 7.770008e-04],49.87417785721175
647,885,15,1.529673536668469,True,1,1,[ 7 32],[0.78651685 0.00124069],20.936608799242652
648,886,30,0.30000305369804814,True,1,1,[5],[0.81],48.20992773002186
649,888,26,0.29998779917781976,True,1,1,[ 2 27],[7.4358976e-01 3.6549708e-04],35.60085819375185
650,889,7,25.616198338355208,False,1,1,[3],[0.85],11.2948032572038
651,890,45,0.3000488285129879,True,1,1,[10 55],[0.8352941 0.0014881],44.292563100770145
652,892,10,0.29998779296875,True,1,1,[ 6 19],[0.83505154 0.01587302],40.15804820411988
653,892,16,0.3000488285129879,True,1,1,[ 7 24],[0.8333333  0.00083893],42.92421860829627
654,895,29,0.670793100969234,True,1,1,[ 9 39],[0.84166664 0.01209677],28.97419666612995
655,895,33,0.848536769098432,True,1,1,[10 43],[0.88659793 0.00123762],46.8535548017979
656,896,43,0.8486015091270732,True,1,1,[16 42],[0.7794872  0.00160901],45.37344336516828
657,899,17,0.6708272199644957,True,1,1,[4],[0.84102565],38.81576735686632
658,899,18,1.2368591585838717,True,1,1,[ 2 14],[0.8360656  0.01271186],46.38934874442804
659,901,19,0.8999735518922176,True,1,1,[3],[0.08551724],38.38832419893442
660,902,25,1.5297303925844445,True,1,1,[ 0 17],[0.41304347 0.003003  ],32.19798705221493
661,902,30,1.3747201054380795,True,1,1,[4],[0.7105263],28.414773171196405
662,903,31,0.30001068115234375,True,1,1,[6],[0.8896552],47.8904581290406
663,904,9,1.4071374158009913,True,1,1,[3],[0.91847825],50.282064517072776
664,905,18,0.3000107059867272,True,1,1,[ 2  3  1 29],[0.2777778  0.15447155 0.09589041 0.01      ],35.85625884069964
665,906,37,0.4242575950931961,True,1,1,[9],[0.78846157],45.535750330631245
666,907,16,0.2999267578125,True,1,1,[ 7 24],[0.8214286  0.00196271],25.8296356452176
667,907,23,0.5195764839228011,True,1,1,[ 6 30],[0.6781609  0.03225806],50.47590566071898
668,907,24,0.42421444001344266,True,1,1,[ 8 26],[0.6958763  0.00313972],34.828355284822166
669,908,12,0.29998779917781976,True,0,1,[ 9 44],[0.8082192  0.00153767],48.855871425558156
670,908,19,0.2999877945210174,True,1,1,[ 8 32],[0.5686275  0.00283286],37.93833495881264
671,909,17,0.734873086762515,True,1,1,[6],[0.875],51.58761149868914
672,910,13,0.29998779490908434,True,1,1,[13  8 32],[0.6330275  0.09090909 0.00244499],27.469078845184747
673,913,31,0.29992675936508334,True,1,1,[8],[0.68421054],42.293711027122335
674,914,14,0.29998779296875,True,1,1,[ 2 13],[0.8551724  0.00188324],35.56572310273757
675,914,17,0.300048828125,True,1,1,[1],[0.7258065],22.74604837941
676,918,25,1.7233677315274023,True,1,1,[20  2],[0.35869566 0.29192546],44.49716489863454
677,918,27,0.2999878178050282,True,1,1,[ 8 28],[0.8979592  0.00098361],47.078232903554174
678,922,7,0.29998779335681686,True,1,1,[ 8  2 20],[0.5        0.25333333 0.0015444 ],36.43558089032939
679,925,15,1.081693314420701,True,1,1,[ 8 18],[0.80246913 0.00719424],35.10835259338434
680,925,21,0.9486398728494542,True,1,1,[7],[0.81914896],35.9292825760579
681,927,18,1.4697212581126915,True,1,1,[ 1 14],[0.6687898  0.00826446],41.31359572528607
682,928,9,2.100006103515625,True,1,1,[1],[0.65745854],35.78225280715469
683,928,10,0.30004882890097584,True,1,1,[2],[0.86764705],48.10209295330645
684,929,43,0.2999725590172291,True,1,1,[6],[0.8466667],43.023794863296736
685,930,20,0.4242468053627785,True,1,1,[1],[0.8],32.501021365200096
686,930,30,0.300048828125,True,1,1,[9],[0.7387387],34.30073006590099
687,931,10,45.70744518844136,False,0,1,[11 45],[0.8015873  0.00115407],44.76252261894778
688,931,19,0.29999544719892784,True,1,1,[12],[0.8681319],39.98589343048586
689,932,12,1.2727584133428405,True,1,1,[7],[0.84],46.902682184760444
690,934,13,0.300003053310001,True,1,1,[5],[0.8469388],33.2306007349179
691,934,29,0.600006103515625,True,1,1,[1],[0.7842105],43.2926615068876
692,935,32,inf,False,1,1,[11],[0.03144654],21.190369164139007
693,936,17,0.6708067898363883,True,1,1,[ 4 48],[0.6086956  0.00182704],39.83564234721168
694,940,7,inf,False,1,1,[2],[0.37878788],26.857281705662142
695,940,8,inf,False,1,1,[2 8],[0.49074075 0.03030303],26.586479246828358
696,941,29,0.6707930974982584,True,1,1,[10 33],[0.8465116 0.001638 ],44.90385193996121
697,941,31,0.30000305214585965,True,1,1,[9],[0.7531645],34.9988840360962
698,942,14,20.04617609488437,False,1,1,[ 2 17],[0.8502994  0.00558659],47.730110927500895
699,943,16,0.5195764839228011,True,1,1,[6],[0.7294118],20.30262583612228
700,944,23,0.2998046890532155,True,1,1,[10 30],[7.6642334e-01 6.0386473e-04],43.88387746571138
701,945,13,0.29999542236328125,True,1,1,[5],[0.6818182],51.934849230075606
702,946,47,0.600006106620002,True,1,1,[7],[0.82733816],39.08769867901307
703,947,20,0.6708203963389794,True,1,1,[4],[0.7338129],26.055935318583664
704,949,33,0.6708067459294424,True,1,1,[ 0 27],[0.72649574 0.00098039],27.931604081212917
705,950,25,0.6708476909452035,True,1,1,[2],[0.7950311],42.29619951586195
706,952,22,0.29998779335681686,True,1,1,[ 9 29],[0.9358974  0.00319489],47.591076753996695
707,953,15,0.29992675820064585,True,1,1,[5],[0.7790698],38.761026841408366
708,954,43,0.2999878178050282,True,1,1,[ 8 44],[0.80246913 0.01028278],39.81534151801997
709,954,46,0.300003053310001,True,1,1,[0],[0.85470086],51.69004492991635
710,955,15,0.2999877945210174,True,1,1,[ 9 17],[0.89017344 0.00123839],47.226417154808225
711,955,18,0.300048828125,True,1,1,[10],[0.88095236],27.640737924079083
712,955,27,1.2368961617996452,True,1,1,[6],[0.8333333],50.00662283684773
713,956,30,27.591894369365082,False,0,1,[3],[0.8494624],26.245537579057565
714,956,47,0.7348668583120689,True,1,1,[12],[0.88461536],30.165281552805936
715,956,51,0.2999877945210174,True,1,1,[11 40],[0.76865673 0.00083459],41.42282104683274
716,960,29,1.236910963227765,True,1,1,[15],[0.88148147],44.48290754209621
717,962,25,0.3000183109349024,True,1,1,[ 9 28],[0.57377046 0.00328138],31.19023019124575
718,963,21,0.4243007545635366,True,1,1,[5],[0.754717],16.379677616650802
719,963,24,0.424289965930668,True,0,1,[4],[0.77380955],28.304019830248215
720,965,10,140.3932742733151,False,1,1,[1],[0.82539684],36.108700119459584
721,969,13,0.3000030517578125,True,0,1,[0 3],[0.38181818 0.01442308],26.269352852872778
722,972,12,7.874607273193705,False,0,1,[4],[0.8731343],28.307908483704754
723,975,20,0.600006106620002,True,1,1,[ 8 12],[0.68085104 0.00210526],50.39618358724955
724,978,12,0.29998779335681686,True,0,1,[ 0 20],[0.60655737 0.00096432],43.72389352925391
725,979,12,0.670813569346726,True,1,1,[ 2 10],[0.7432432  0.00572519],42.417599098109754
726,983,14,5.977421200685123,False,0,1,[ 9 28],[0.58125    0.00156128],42.97294371676331
727,983,24,192.21788293566576,False,1,1,[22 25 17],[0.3255814  0.02197802 0.00311526],17.1722706354434
728,987,29,0.30000305796656646,True,1,1,[3],[0.79646015],51.71163366117508
729,989,12,0.4242575950931961,True,1,1,[4 7],[0.7826087 0.0025641],11.546923340048725
730,991,13,0.29999544719892784,True,1,1,[ 3 22],[0.8738739  0.00684932],24.990977519079387
731,995,34,0.4242899662050448,True,1,1,[5],[0.8010204],44.132978978471854
732,996,26,1.6970303803727844,True,1,1,[ 9 22 43],[0.5192308  0.06593407 0.00312826],31.184626413971177
733,998,23,0.424252200193688,True,1,1,[ 3 37],[0.04411765 0.00683371],47.52626066570951
734,998,32,0.5999755859375,True,1,1,[10 36],[7.8894472e-01 6.3131313e-04],38.81608543104567
735,999,11,0.2999267578125,True,1,1,[ 2 19],[0.8043478  0.00404858],37.82674588480402
